hr487, 0.5
hr486, 0.4
hr485, 0.1
hr484, 0.9
hr483, 0.9
hr482, 0.0
hr481, 0.5
hr480, 0.0
hr1292, 1.0
hr489, 0.0
hr488, 0.5
hr1579, 0.0
hr1578, 0.0
hr1573, 0.2
hr1572, 0.9
hr1571, 1.0
hr1570, 0.0
hr1577, 1.0
hr1576, 1.0
hr1575, 0.8
hr1574, 1.0
hr4431, 1.0
hr4430, 0.7
hr4433, 0.9
hr4432, 0.9
hr4435, 0.5
hr4434, 0.9
hr4437, 0.8
hr4436, 1.0
hr4439, 0.0
hr4438, 0.6
hr1397, 0.0
hr1396, 0.5
hr317, 1.0
hr316, 0.0
hr315, 0.0
hr314, 0.0
hr313, 0.7
hr312, 0.0
hr311, 0.9
hr310, 0.5
hr319, 1.0
hr318, 0.6
hr3427, 0.2
hr3426, 0.5
hr3425, 0.0
hr3424, 0.1
hr3423, 0.3
hr3422, 0.3
hr3421, 0.8
hr3420, 1.0
hr3429, 1.0
hr3428, 0.5
hr1393, 0.7
hr2356, 0.3
hr2488, 0.0
hr2489, 0.0
hr2486, 0.0
hr2487, 0.0
hr2484, 0.3
hr2485, 0.0
hr2482, 0.1
hr2483, 0.0
hr2480, 0.0
hr2481, 1.0
hr2355, 0.3
hr2352, 0.0
hr2353, 0.6
hr2350, 0.0
hr2351, 0.6
hr5285, 1.0
hr5284, 1.0
hr5287, 0.0
hr5286, 0.0
hr5281, 0.5
hr5280, 0.0
hr5283, 0.0
hr5282, 0.5
hr5289, 0.0
hr5288, 0.0
hr1057, 0.0
hr4844, 1.0
hr4845, 0.5
hr4514, 1.0
hr4515, 0.0
hr5139, 0.5
hr5138, 1.0
hr5137, 1.0
hr5136, 0.0
hr5135, 0.9
hr5134, 0.5
hr5133, 0.0
hr5132, 0.0
hr5131, 0.7
hr4513, 0.0
hr4842, 0.5
hr4511, 0.0
hr4848, 0.0
hr4849, 1.0
hr4518, 1.0
hr4519, 1.0
hr1902, 0.2
hr1903, 0.5
hr1900, 0.9
hr1901, 1.0
hr1906, 0.1
hr1907, 0.0
hr1904, 0.7
hr1905, 0.3
hr1908, 1.0
hr1909, 0.8
hr128, 0.0
hr129, 0.1
hr4374, 1.0
hr4375, 0.4
hr4372, 0.1
hr4373, 0.0
hr4370, 1.0
hr4371, 1.0
hr120, 0.0
hr121, 0.0
hr122, 0.0
hr123, 0.0
hr124, 0.4
hr125, 0.6
hr126, 1.0
hr127, 1.0
hr3858, 0.9
hr3859, 0.0
hr3856, 0.0
hr3857, 1.0
hr3854, 0.2
hr3855, 0.4
hr3852, 0.0
hr3853, 1.0
hr3850, 0.5
hr3851, 1.0
hr1630, 0.0
hr1631, 0.0
hr1632, 0.8
hr1633, 0.8
hr1634, 0.7
hr1635, 0.0
hr1636, 0.0
hr1637, 1.0
hr1638, 1.0
hr1639, 0.5
hr2109, 0.0
hr2108, 0.0
hr2103, 0.5
hr2102, 0.0
hr2101, 0.0
hr2100, 0.0
hr2107, 0.1
hr2106, 0.3
hr2105, 0.5
hr2104, 1.0
hr5458, 0.0
hr5459, 0.2
hr5450, 1.0
hr5451, 0.0
hr5452, 0.5
hr5453, 0.0
hr5454, 0.0
hr5455, 0.0
hr5456, 0.6
hr5457, 0.5
hr3678, 0.3
hr3679, 1.0
hr3672, 0.4
hr3673, 0.6
hr3670, 0.4
hr3671, 1.0
hr3676, 0.6
hr3677, 0.6
hr3674, 0.4
hr3675, 1.0
hr2819, 0.7
hr2818, 0.0
hr2811, 0.0
hr2810, 0.7
hr2813, 1.0
hr2812, 0.0
hr2815, 0.0
hr2814, 1.0
hr2817, 1.0
hr2816, 0.0
hr469, 0.0
hr468, 0.0
hr465, 0.3
hr464, 0.0
hr467, 0.0
hr466, 0.0
hr461, 0.8
hr460, 0.2
hr463, 1.0
hr462, 0.8
hr5634, 0.0
hr5635, 0.0
hr5636, 0.0
hr5637, 0.0
hr5630, 0.4
hr5631, 0.3
hr5632, 1.0
hr5633, 0.0
hr5638, 1.0
hr5639, 0.0
hr4419, 1.0
hr4418, 0.6
hr4149, 0.3
hr4148, 0.0
hr4413, 0.5
hr4412, 1.0
hr4147, 0.0
hr4410, 0.0
hr4141, 0.7
hr4140, 0.0
hr4143, 0.5
hr4414, 0.5
hr560, 0.0
hr561, 0.6
hr2091, 1.0
hr569, 0.4
hr3441, 0.0
hr3440, 0.0
hr3443, 0.1
hr3442, 0.0
hr3445, 0.0
hr3444, 0.7
hr3447, 1.0
hr3446, 0.0
hr3449, 0.0
hr3448, 0.7
hr2718, 1.0
hr2719, 0.5
hr2716, 0.0
hr2717, 0.8
hr2714, 1.0
hr2715, 0.2
hr2712, 0.0
hr2713, 1.0
hr2710, 1.0
hr2711, 1.0
hr2323, 1.0
hr2763, 0.4
hr2762, 1.0
hr2761, 0.1
hr2760, 0.0
hr2767, 1.0
hr2766, 0.4
hr2765, 0.9
hr2764, 0.9
hr2235, 0.1
hr2234, 0.0
hr2237, 0.0
hr5159, 0.0
hr5158, 0.5
hr2236, 0.6
hr5151, 0.5
hr5150, 0.0
hr5153, 0.0
hr5152, 0.3
hr5155, 1.0
hr5154, 0.0
hr5157, 0.3
hr5156, 0.0
hr2233, 1.0
hr2232, 0.6
hr696, 0.5
hr1256, 0.5
hr694, 0.0
hr695, 1.0
hr692, 1.0
hr693, 0.6
hr690, 0.5
hr1257, 0.2
hr1254, 1.0
hr698, 0.2
hr699, 0.0
hr1255, 0.7
hr1252, 0.3
hr1253, 1.0
hr1250, 0.5
hr1251, 0.0
hr1380, 0.2
hr1381, 1.0
hr1382, 0.5
hr1383, 0.0
hr1928, 0.0
hr1929, 0.0
hr1386, 1.0
hr1387, 0.7
hr1924, 0.0
hr1925, 0.0
hr1434, 1.0
hr1435, 0.0
hr1920, 0.1
hr1433, 0.0
hr1922, 1.0
hr1923, 0.5
hr4350, 1.0
hr4351, 0.4
hr4352, 0.8
hr4353, 1.0
hr4354, 1.0
hr4355, 1.0
hr4356, 0.0
hr4357, 1.0
hr4606, 0.7
hr4607, 0.7
hr4604, 1.0
hr4605, 0.5
hr4602, 1.0
hr4603, 1.0
hr4600, 1.0
hr4601, 0.0
hr3878, 0.0
hr3879, 0.0
hr3870, 0.0
hr3871, 1.0
hr3872, 0.3
hr3873, 0.2
hr3874, 1.0
hr3875, 0.0
hr3876, 0.0
hr3877, 0.3
hr1658, 0.3
hr1659, 0.3
hr1652, 0.0
hr1653, 0.7
hr1650, 0.0
hr1651, 1.0
hr1656, 0.0
hr1657, 1.0
hr1654, 0.4
hr1655, 1.0
hr3388, 0.3
hr3389, 1.0
hr3382, 0.3
hr3383, 0.0
hr3380, 0.0
hr3381, 1.0
hr3386, 0.8
hr3387, 0.4
hr3384, 0.6
hr3385, 0.1
hr3126, 1.0
hr3127, 0.0
hr3124, 0.0
hr3125, 0.1
hr3650, 0.0
hr3651, 0.0
hr3120, 0.0
hr3653, 0.8
hr3658, 0.5
hr3659, 1.0
hr3128, 0.0
hr3129, 0.0
hr2381, 0.0
hr2380, 1.0
hr2831, 0.0
hr2830, 1.0
hr2385, 0.9
hr2384, 0.0
hr2387, 0.3
hr2386, 0.3
hr2389, 1.0
hr2388, 1.0
hr2839, 0.0
hr2838, 0.0
hr506, 0.0
hr507, 0.4
hr504, 1.0
hr505, 0.0
hr502, 0.0
hr503, 0.8
hr500, 0.0
hr501, 0.0
hr508, 0.4
hr509, 0.3
hr5432, 0.1
hr5433, 1.0
hr5430, 0.4
hr5431, 0.8
hr5436, 1.0
hr5437, 0.0
hr5434, 1.0
hr5435, 0.5
hr5438, 0.5
hr5439, 0.1
hr2525, 0.5
hr2524, 0.5
hr2527, 0.0
hr2526, 0.0
hr2521, 0.2
hr2520, 0.0
hr2523, 0.0
hr2522, 0.0
hr2529, 0.0
hr2528, 0.0
hr449, 1.0
hr448, 1.0
hr443, 1.0
hr442, 1.0
hr441, 1.0
hr440, 0.5
hr447, 0.9
hr446, 0.0
hr445, 0.3
hr444, 1.0
hr5388, 0.0
hr5389, 1.0
hr5384, 1.0
hr5385, 0.8
hr5386, 0.8
hr5387, 0.8
hr5380, 0.2
hr5381, 0.5
hr5382, 0.8
hr5383, 0.0
hr991, 0.5
hr990, 0.0
hr993, 1.0
hr992, 0.6
hr995, 1.0
hr994, 1.0
hr997, 1.0
hr996, 0.0
hr999, 1.0
hr998, 1.0
hr4167, 0.5
hr4166, 0.2
hr4165, 0.9
hr4164, 0.8
hr4163, 0.0
hr4162, 0.0
hr4161, 0.3
hr4160, 0.9
hr4169, 0.0
hr4168, 0.0
hr4291, 0.7
hr4290, 0.3
hr4293, 1.0
hr4292, 0.5
hr4295, 0.0
hr4294, 0.0
hr4297, 1.0
hr4296, 0.0
hr4299, 0.6
hr4298, 0.0
hr1526, 1.0
hr4835, 0.0
hr4834, 0.3
hr4837, 0.4
hr4836, 1.0
hr4831, 0.0
hr4830, 0.0
hr4833, 0.0
hr4832, 0.0
hr4839, 0.0
hr4838, 0.6
hr3469, 0.4
hr3468, 0.4
hr3463, 0.4
hr3462, 1.0
hr3461, 0.0
hr3460, 1.0
hr3467, 0.0
hr3466, 0.3
hr3465, 0.2
hr3464, 0.6
hr2738, 0.0
hr2739, 0.4
hr2730, 0.0
hr2731, 0.7
hr2732, 1.0
hr2733, 1.0
hr2734, 0.2
hr2735, 0.4
hr2736, 0.3
hr2737, 0.0
hr4754, 0.0
hr4027, 1.0
hr4024, 1.0
hr4025, 0.0
hr4022, 0.0
hr4023, 0.4
hr4020, 0.0
hr4021, 1.0
hr4246, 0.7
hr4247, 0.3
hr4244, 0.0
hr4245, 0.0
hr4242, 0.5
hr4243, 0.0
hr4240, 0.0
hr4933, 0.5
hr5173, 1.0
hr5172, 1.0
hr5171, 1.0
hr5170, 1.0
hr5177, 0.2
hr5176, 0.5
hr5175, 1.0
hr5174, 0.5
hr5179, 0.0
hr5178, 0.3
hr872, 0.0
hr1418, 0.1
hr1419, 0.0
hr1410, 0.4
hr1411, 0.0
hr1412, 0.5
hr1413, 0.0
hr1414, 0.0
hr1415, 0.0
hr1416, 0.7
hr1417, 0.8
hr4628, 0.3
hr4629, 0.0
hr4338, 0.0
hr4339, 0.0
hr4620, 0.0
hr4621, 0.7
hr4330, 0.5
hr4623, 0.4
hr4624, 0.0
hr4625, 0.5
hr4626, 0.5
hr4335, 0.0
hr3812, 1.0
hr3813, 0.0
hr3810, 0.3
hr3811, 1.0
hr3816, 0.0
hr3817, 0.0
hr3814, 1.0
hr3815, 1.0
hr3818, 1.0
hr3819, 1.0
hr1674, 1.0
hr1675, 1.0
hr1676, 0.7
hr1677, 0.0
hr1670, 0.0
hr1671, 0.3
hr1672, 1.0
hr1673, 1.0
hr870, 0.0
hr1678, 0.3
hr1679, 0.0
hr1335, 0.0
hr1442, 0.0
hr1441, 0.7
hr1440, 0.4
hr871, 0.0
hr1447, 0.0
hr1446, 0.9
hr1445, 0.6
hr1444, 0.3
hr876, 1.0
hr877, 0.3
hr1746, 1.0
hr875, 0.9
hr3100, 0.0
hr3101, 0.0
hr3102, 1.0
hr3103, 0.5
hr3104, 1.0
hr3105, 0.8
hr3106, 0.8
hr3107, 0.3
hr3108, 0.0
hr3109, 1.0
hr528, 1.0
hr529, 0.3
hr524, 0.9
hr525, 0.3
hr526, 0.0
hr527, 0.6
hr520, 0.0
hr521, 0.0
hr522, 1.0
hr523, 0.8
hr5418, 1.0
hr5419, 1.0
hr5414, 0.5
hr5415, 0.9
hr5416, 1.0
hr5417, 1.0
hr5410, 0.0
hr5411, 1.0
hr5412, 1.0
hr5413, 0.3
hr1424, 0.0
hr421, 0.5
hr420, 0.8
hr423, 0.7
hr422, 1.0
hr425, 1.0
hr424, 1.0
hr427, 0.0
hr2508, 0.6
hr2507, 1.0
hr2506, 0.5
hr2505, 0.0
hr2504, 0.4
hr2503, 1.0
hr2502, 0.0
hr2501, 0.9
hr2500, 0.6
hr1427, 0.4
hr1089, 0.0
hr1088, 1.0
hr1083, 0.8
hr1082, 1.0
hr1081, 0.9
hr1080, 0.0
hr1087, 0.0
hr1086, 0.0
hr1085, 0.0
hr1084, 0.0
hr825, 0.5
hr824, 1.0
hr827, 0.5
hr826, 0.9
hr821, 0.0
hr820, 0.0
hr1883, 0.7
hr1882, 1.0
hr1881, 1.0
hr1880, 0.3
hr1887, 0.0
hr1886, 0.4
hr1885, 0.0
hr1884, 0.1
hr1889, 0.5
hr1888, 1.0
hr4101, 0.8
hr4100, 1.0
hr4103, 0.0
hr4102, 0.6
hr4105, 0.0
hr4104, 0.0
hr4107, 0.0
hr4106, 0.9
hr4109, 0.1
hr4108, 0.0
hr4819, 0.5
hr4818, 0.1
hr4817, 0.0
hr4816, 0.0
hr4815, 0.0
hr4814, 0.2
hr4813, 1.0
hr4812, 0.6
hr4811, 0.9
hr4810, 0.8
hr2345, 1.0
hr2344, 0.7
hr2611, 0.5
hr2610, 1.0
hr2617, 0.0
hr2616, 0.0
hr2615, 0.8
hr2614, 0.3
hr2752, 0.7
hr2977, 0.5
hr2974, 0.3
hr2751, 0.7
hr2756, 0.0
hr2757, 0.0
hr2754, 0.7
hr2755, 0.0
hr2758, 0.0
hr2759, 0.0
hr2978, 0.0
hr2979, 0.0
hr4505, 0.0
hr5199, 0.5
hr5198, 0.0
hr4504, 0.0
hr5195, 0.4
hr5194, 1.0
hr5197, 0.0
hr5196, 0.5
hr5191, 0.0
hr4507, 0.3
hr5193, 0.8
hr5192, 1.0
hr4506, 0.0
hr4501, 0.0
hr4500, 0.0
hr4503, 0.0
hr4502, 1.0
hr818, 1.0
hr1472, 1.0
hr1473, 0.5
hr1470, 0.0
hr1471, 0.0
hr1476, 0.8
hr1477, 0.2
hr1474, 0.1
hr1475, 1.0
hr1478, 0.0
hr1479, 0.9
hr819, 1.0
hr3838, 0.5
hr3839, 0.0
hr3834, 1.0
hr3835, 1.0
hr3836, 0.5
hr3837, 0.7
hr3830, 1.0
hr3831, 1.0
hr3832, 0.0
hr3833, 0.3
hr1698, 0.1
hr1699, 0.0
hr1696, 0.2
hr1697, 0.4
hr1694, 0.5
hr1695, 0.1
hr1692, 0.1
hr1693, 0.9
hr1690, 0.2
hr1691, 0.0
hr1766, 0.0
hr1767, 0.0
hr4642, 0.0
hr4643, 0.0
hr4640, 0.3
hr4641, 0.2
hr4646, 0.4
hr4647, 0.5
hr4644, 0.1
hr4645, 0.2
hr4648, 0.0
hr4649, 1.0
hr4318, 1.0
hr4319, 1.0
hr1764, 1.0
hr3348, 1.0
hr3349, 0.4
hr3346, 0.2
hr3347, 1.0
hr3344, 0.5
hr3345, 0.6
hr3342, 1.0
hr3343, 0.5
hr3340, 1.0
hr3341, 1.0
hr817, 0.5
hr3698, 0.5
hr3699, 0.0
hr3168, 1.0
hr3169, 0.8
hr3690, 0.0
hr3691, 0.0
hr3160, 1.0
hr3693, 0.8
hr3166, 0.8
hr3167, 0.5
hr3696, 0.5
hr3697, 0.0
hr811, 0.2
hr812, 0.0
hr813, 0.4
hr548, 0.0
hr549, 0.5
hr542, 1.0
hr543, 0.4
hr540, 0.2
hr541, 0.1
hr546, 0.0
hr547, 0.0
hr544, 1.0
hr545, 0.0
hr2569, 0.0
hr2568, 0.0
hr409, 1.0
hr408, 1.0
hr407, 0.0
hr2560, 0.0
hr405, 0.0
hr404, 0.0
hr2565, 0.9
hr2564, 0.0
hr401, 0.6
hr400, 0.0
hr5036, 1.0
hr5037, 0.5
hr5034, 1.0
hr5035, 1.0
hr5032, 0.3
hr5033, 0.0
hr5030, 0.6
hr5031, 0.4
hr5038, 0.0
hr5039, 0.0
hr1869, 0.7
hr1868, 0.9
hr1865, 0.0
hr1864, 0.5
hr1867, 0.4
hr1866, 1.0
hr1861, 0.8
hr1860, 1.0
hr1863, 0.4
hr1862, 0.3
hr4129, 0.4
hr4128, 0.0
hr4123, 0.0
hr4122, 0.0
hr4121, 0.0
hr4120, 0.4
hr4127, 0.0
hr4126, 0.0
hr4125, 0.0
hr4124, 0.0
hr4156, 0.6
hr4789, 1.0
hr4788, 1.0
hr4787, 1.0
hr4786, 0.4
hr4785, 0.6
hr4784, 0.0
hr4783, 0.0
hr4782, 0.0
hr4781, 0.7
hr4780, 0.6
hr4155, 1.0
hr4400, 0.2
hr4401, 0.0
hr4150, 0.7
hr4403, 0.2
hr4376, 0.0
hr399, 0.1
hr398, 0.0
hr397, 1.0
hr396, 1.0
hr395, 0.3
hr394, 0.0
hr393, 0.0
hr392, 0.0
hr391, 1.0
hr390, 0.0
hr4879, 0.2
hr4878, 0.6
hr3556, 0.2
hr4871, 1.0
hr4870, 1.0
hr4873, 1.0
hr4872, 0.7
hr4875, 1.0
hr4874, 1.0
hr4877, 0.0
hr4876, 0.0
hr3550, 1.0
hr4378, 0.3
hr4379, 1.0
hr3575, 0.0
hr3574, 0.0
hr3577, 0.0
hr3576, 0.8
hr3571, 0.2
hr3570, 0.9
hr3573, 0.4
hr3572, 0.0
hr3579, 1.0
hr3578, 0.9
hr2950, 1.0
hr2951, 1.0
hr2952, 0.5
hr2953, 0.0
hr2778, 1.0
hr2779, 1.0
hr2956, 0.0
hr2957, 0.3
hr2774, 1.0
hr2775, 1.0
hr2776, 0.8
hr2777, 1.0
hr2770, 0.0
hr2771, 0.8
hr2772, 0.3
hr2773, 0.2
hr5209, 0.4
hr5208, 1.0
hr5205, 0.5
hr5204, 1.0
hr5207, 0.3
hr5206, 0.5
hr5201, 1.0
hr5200, 0.0
hr5203, 1.0
hr5202, 1.0
hr91, 0.0
hr90, 0.0
hr93, 0.0
hr92, 0.0
hr95, 1.0
hr94, 0.7
hr97, 0.0
hr96, 0.1
hr99, 0.0
hr98, 0.0
hr889, 0.0
hr888, 1.0
hr1245, 0.0
hr836, 0.4
hr1244, 1.0
hr1247, 0.2
hr1246, 0.0
hr1241, 0.7
hr1240, 0.1
hr837, 0.0
hr1243, 0.0
hr1242, 1.0
hr1458, 0.5
hr1459, 1.0
hr1328, 0.3
hr1329, 0.1
hr1326, 0.8
hr1327, 0.4
hr1324, 0.0
hr1325, 0.5
hr1322, 0.1
hr1323, 0.0
hr1452, 0.0
hr1321, 0.0
hr834, 0.8
hr835, 0.0
hr832, 0.0
hr833, 0.7
hr830, 0.8
hr4668, 1.0
hr4669, 0.5
hr4664, 0.0
hr4665, 0.0
hr4666, 0.0
hr4667, 0.0
hr4660, 1.0
hr4661, 1.0
hr4662, 1.0
hr4663, 0.3
hr3368, 0.0
hr3369, 0.2
hr831, 0.2
hr3360, 0.3
hr3361, 0.5
hr3362, 1.0
hr3363, 0.7
hr3364, 0.4
hr3365, 1.0
hr3366, 1.0
hr3367, 0.8
hr2891, 0.0
hr2890, 0.0
hr2893, 0.0
hr2892, 0.9
hr2895, 0.0
hr2894, 1.0
hr2897, 0.0
hr2896, 0.0
hr2899, 0.5
hr2898, 0.7
hr2099, 1.0
hr2098, 0.9
hr562, 0.1
hr563, 0.0
hr564, 0.0
hr565, 0.0
hr566, 0.5
hr567, 1.0
hr568, 1.0
hr2090, 0.8
hr2093, 0.9
hr2092, 0.9
hr2095, 1.0
hr2094, 0.5
hr2097, 1.0
hr2096, 0.0
hr3144, 0.0
hr3145, 0.3
hr3146, 0.2
hr3147, 0.0
hr3140, 1.0
hr3141, 0.5
hr3142, 0.0
hr3143, 0.6
hr3148, 0.0
hr3149, 0.0
hr2543, 0.4
hr2542, 0.9
hr2541, 1.0
hr2540, 0.2
hr2547, 0.8
hr2546, 0.9
hr2545, 0.0
hr2544, 1.0
hr2549, 0.0
hr2548, 0.4
hr2239, 0.9
hr2238, 0.4
hr5010, 0.0
hr5011, 0.0
hr5012, 0.0
hr5013, 1.0
hr5014, 1.0
hr5015, 0.2
hr5016, 0.0
hr5017, 1.0
hr5018, 1.0
hr5019, 0.2
hr1394, 1.0
hr697, 0.5
hr2322, 0.1
hr1847, 1.0
hr1846, 0.3
hr1845, 0.0
hr1844, 0.0
hr1843, 0.0
hr1842, 0.1
hr1841, 0.0
hr1840, 0.0
hr2321, 0.0
hr829, 0.0
hr828, 1.0
hr1849, 0.8
hr1848, 0.8
hr3122, 0.0
hr3123, 0.0
hr1155, 0.7
hr1154, 0.0
hr1157, 1.0
hr1156, 1.0
hr1151, 0.7
hr1150, 0.0
hr1153, 0.3
hr1152, 0.3
hr1159, 0.8
hr1158, 1.0
hr4853, 0.5
hr4852, 0.2
hr4851, 0.3
hr4850, 1.0
hr4857, 0.5
hr4856, 0.5
hr4855, 0.5
hr4854, 1.0
hr4859, 0.0
hr4858, 0.0
hr4509, 0.0
hr4508, 1.0
hr4743, 0.0
hr4742, 1.0
hr4037, 1.0
hr4740, 0.6
hr4747, 0.0
hr4746, 0.0
hr4745, 1.0
hr4744, 1.0
hr4923, 1.0
hr4254, 0.7
hr4257, 1.0
hr4256, 1.0
hr3559, 0.3
hr3558, 0.5
hr3557, 1.0
hr4251, 0.3
hr3555, 0.1
hr3554, 0.0
hr3553, 0.0
hr3552, 0.0
hr3551, 0.0
hr4250, 0.7
hr4253, 1.0
hr4252, 1.0
hr2938, 1.0
hr2939, 0.4
hr2932, 0.3
hr2933, 0.0
hr2930, 0.0
hr2931, 0.3
hr2936, 0.0
hr2937, 0.8
hr2934, 0.0
hr2935, 0.3
hr5227, 0.6
hr5226, 0.5
hr5225, 0.0
hr5224, 0.0
hr5223, 0.0
hr5222, 0.0
hr5221, 0.0
hr5220, 1.0
hr5229, 0.2
hr5228, 0.0
hr79, 0.0
hr78, 0.6
hr77, 1.0
hr76, 0.0
hr75, 1.0
hr74, 0.0
hr73, 1.0
hr72, 0.0
hr71, 0.0
hr70, 0.0
hr618, 0.0
hr619, 0.0
hr616, 0.0
hr617, 0.7
hr614, 0.0
hr615, 0.0
hr612, 0.7
hr613, 1.0
hr610, 0.5
hr611, 0.5
hr1308, 0.8
hr1309, 0.9
hr1300, 0.5
hr1301, 0.0
hr1302, 1.0
hr1303, 0.7
hr1304, 1.0
hr1305, 1.0
hr1306, 1.0
hr1307, 1.0
hr1936, 0.0
hr1935, 0.0
hr1934, 0.0
hr3302, 0.5
hr3303, 0.6
hr3300, 0.5
hr3301, 0.6
hr3306, 0.7
hr3307, 0.0
hr3304, 0.5
hr3305, 0.6
hr3308, 1.0
hr3309, 0.6
hr588, 0.4
hr589, 0.3
hr586, 1.0
hr587, 1.0
hr584, 0.1
hr585, 1.0
hr582, 0.9
hr583, 0.0
hr580, 0.9
hr581, 1.0
hr1954, 1.0
hr2219, 1.0
hr2218, 0.8
hr2217, 1.0
hr2216, 1.0
hr2215, 0.0
hr2214, 0.0
hr2213, 0.4
hr2212, 1.0
hr2211, 0.5
hr2210, 0.0
hr1957, 0.5
hr1956, 0.0
hr1951, 0.6
hr1950, 1.0
hr5078, 1.0
hr5079, 1.0
hr5072, 0.0
hr5073, 0.0
hr5070, 1.0
hr5071, 0.8
hr5076, 0.8
hr5077, 1.0
hr5074, 1.0
hr5075, 1.0
hr1832, 0.2
hr1785, 0.3
hr1830, 0.3
hr1831, 1.0
hr1780, 1.0
hr1781, 0.5
hr1782, 1.0
hr1783, 0.0
hr1793, 0.0
hr1820, 0.0
hr1823, 0.3
hr1822, 0.0
hr1825, 1.0
hr806, 0.0
hr1795, 0.3
hr804, 1.0
hr1829, 1.0
hr1828, 0.3
hr809, 0.5
hr808, 0.0
hr1179, 0.2
hr1178, 0.0
hr1177, 0.0
hr1176, 1.0
hr1175, 0.0
hr1174, 1.0
hr1173, 0.1
hr1172, 1.0
hr1171, 0.5
hr1170, 1.0
hr4529, 0.0
hr4528, 0.0
hr4527, 0.0
hr4526, 0.2
hr4525, 0.0
hr4524, 0.0
hr4523, 0.3
hr4522, 0.0
hr4521, 1.0
hr4520, 1.0
hr3539, 1.0
hr3538, 0.0
hr3531, 0.7
hr3530, 0.6
hr3533, 1.0
hr3532, 0.0
hr3535, 0.2
hr3534, 0.6
hr3537, 0.0
hr3536, 0.0
hr2914, 0.1
hr2915, 1.0
hr2916, 0.9
hr2917, 0.0
hr2910, 0.0
hr2911, 0.0
hr2912, 0.5
hr2913, 1.0
hr2918, 0.6
hr2919, 0.5
hr245, 1.0
hr244, 0.0
hr247, 1.0
hr246, 0.8
hr241, 0.8
hr240, 1.0
hr243, 1.0
hr242, 1.0
hr248, 1.0
hr2666, 0.5
hr2667, 1.0
hr2664, 0.5
hr2665, 0.0
hr2662, 0.3
hr2663, 0.5
hr2660, 0.0
hr2661, 0.9
hr2668, 1.0
hr2669, 0.0
hr4537, 0.0
hr5241, 0.6
hr5240, 0.0
hr5243, 0.7
hr5242, 0.0
hr5245, 0.8
hr5244, 0.0
hr5247, 0.0
hr5246, 1.0
hr5249, 0.2
hr5248, 0.0
hr634, 0.4
hr635, 0.8
hr636, 0.0
hr637, 0.7
hr630, 0.0
hr631, 0.2
hr632, 0.8
hr633, 0.2
hr638, 1.0
hr639, 0.0
hr1425, 0.1
hr1362, 0.2
hr1363, 1.0
hr1360, 1.0
hr1361, 0.0
hr1366, 0.4
hr1367, 0.0
hr1364, 0.0
hr1365, 0.0
hr1368, 0.0
hr1369, 0.0
hr55, 0.8
hr54, 0.9
hr57, 1.0
hr56, 1.0
hr51, 1.0
hr50, 0.0
hr53, 1.0
hr52, 1.0
hr59, 1.0
hr58, 1.0
hr1586, 1.0
hr1587, 0.9
hr1584, 0.0
hr1585, 0.0
hr1582, 1.0
hr1583, 0.0
hr1580, 0.8
hr1581, 0.0
hr1588, 0.0
hr1589, 0.3
hr4956, 0.0
hr4957, 1.0
hr4954, 1.0
hr4955, 1.0
hr4952, 1.0
hr4953, 1.0
hr4950, 0.0
hr4951, 0.2
hr4958, 1.0
hr4959, 1.0
hr3980, 1.0
hr3981, 1.0
hr3982, 0.0
hr3983, 0.0
hr3984, 0.0
hr3985, 1.0
hr3986, 0.0
hr3987, 0.7
hr3988, 0.0
hr3989, 0.8
hr3326, 0.5
hr3327, 0.1
hr3320, 1.0
hr3321, 0.0
hr3322, 0.0
hr3323, 0.3
hr2059, 0.1
hr2058, 0.2
hr2055, 0.9
hr2054, 0.0
hr2057, 1.0
hr2056, 0.0
hr2051, 0.0
hr2050, 1.0
hr2053, 1.0
hr2052, 0.7
hr3188, 1.0
hr3189, 0.9
hr3180, 0.4
hr3181, 0.0
hr3182, 0.0
hr3183, 1.0
hr3184, 0.7
hr3185, 0.4
hr3186, 0.3
hr3187, 0.0
hr2279, 1.0
hr2278, 1.0
hr2271, 0.0
hr2270, 1.0
hr2273, 0.6
hr2272, 0.5
hr2275, 0.0
hr2274, 0.8
hr2277, 1.0
hr2276, 0.0
hr5588, 0.0
hr5589, 0.3
hr5582, 0.0
hr5583, 0.0
hr5580, 0.0
hr5581, 0.0
hr5586, 1.0
hr5587, 0.0
hr5584, 0.0
hr5585, 1.0
hr2587, 0.0
hr2586, 0.1
hr2585, 0.0
hr2584, 0.0
hr2583, 0.0
hr2582, 0.0
hr2581, 0.7
hr2580, 0.0
hr2589, 1.0
hr2588, 1.0
hr5054, 0.2
hr5055, 0.0
hr5056, 0.6
hr5057, 0.5
hr5050, 0.5
hr5051, 0.0
hr5052, 0.8
hr5053, 1.0
hr5058, 1.0
hr5059, 0.3
hr793, 0.0
hr792, 0.8
hr791, 0.1
hr790, 0.0
hr797, 0.7
hr796, 1.0
hr795, 1.0
hr794, 0.1
hr799, 0.3
hr798, 0.0
hr869, 0.5
hr868, 0.0
hr1809, 0.1
hr1808, 0.0
hr1779, 0.8
hr1778, 0.5
hr1775, 0.3
hr1774, 0.0
hr1777, 0.3
hr1776, 0.8
hr1771, 0.7
hr1770, 0.6
hr1773, 0.9
hr1772, 0.9
hr4729, 0.0
hr4728, 1.0
hr4099, 0.0
hr4098, 0.9
hr4097, 0.0
hr4724, 0.0
hr4095, 0.5
hr4094, 0.4
hr4093, 0.7
hr4720, 0.8
hr4091, 1.0
hr4722, 0.0
hr4145, 0.0
hr4144, 0.5
hr4411, 0.6
hr4146, 1.0
hr4417, 0.0
hr4416, 0.4
hr1119, 0.0
hr1118, 0.0
hr4415, 0.0
hr1111, 0.0
hr1110, 0.0
hr1113, 0.0
hr1112, 0.0
hr1115, 0.0
hr1114, 0.0
hr1117, 0.0
hr1116, 0.0
hr4549, 1.0
hr4548, 0.0
hr4541, 0.1
hr4540, 0.0
hr4543, 0.1
hr4542, 0.3
hr4545, 0.8
hr4544, 0.0
hr4547, 1.0
hr4546, 0.1
hr4897, 0.5
hr4896, 1.0
hr4895, 0.0
hr4894, 0.0
hr4893, 0.0
hr4892, 0.0
hr4891, 0.0
hr4890, 0.0
hr4899, 1.0
hr4898, 0.5
hr3513, 0.0
hr3512, 1.0
hr3047, 0.0
hr3046, 0.0
hr3041, 1.0
hr3040, 0.1
hr3043, 0.6
hr3042, 1.0
hr3519, 1.0
hr3518, 0.0
hr3049, 1.0
hr3048, 1.0
hr263, 0.5
hr262, 0.4
hr261, 0.0
hr260, 1.0
hr267, 0.5
hr266, 0.0
hr265, 0.0
hr264, 0.0
hr269, 0.0
hr268, 0.0
hr890, 1.0
hr2640, 1.0
hr2641, 0.6
hr2642, 1.0
hr2643, 0.5
hr2644, 0.3
hr2645, 1.0
hr2646, 0.2
hr2647, 0.6
hr2648, 0.0
hr2649, 1.0
hr5269, 0.1
hr5268, 1.0
hr5263, 0.3
hr5262, 0.8
hr5261, 0.0
hr5260, 1.0
hr5267, 0.1
hr5266, 0.6
hr5265, 0.8
hr5264, 0.5
hr652, 1.0
hr653, 0.0
hr650, 0.0
hr651, 0.0
hr656, 0.5
hr657, 0.9
hr654, 0.7
hr655, 0.4
hr658, 0.8
hr659, 0.9
hr1348, 0.0
hr1349, 0.0
hr1344, 0.3
hr1345, 0.9
hr1346, 0.0
hr1347, 0.0
hr1340, 0.0
hr1341, 0.8
hr1342, 1.0
hr1343, 0.0
hr33, 1.0
hr32, 0.4
hr31, 0.0
hr30, 0.0
hr37, 0.0
hr36, 0.9
hr35, 1.0
hr34, 0.0
hr39, 0.5
hr38, 0.7
hr4398, 1.0
hr4399, 0.0
hr4394, 0.0
hr4395, 0.1
hr4396, 1.0
hr4397, 0.0
hr4390, 0.0
hr4391, 0.0
hr4392, 1.0
hr4393, 1.0
hr4970, 0.4
hr4971, 0.2
hr4972, 0.0
hr4973, 1.0
hr4974, 0.0
hr4975, 1.0
hr4976, 0.9
hr4977, 0.3
hr4978, 0.5
hr4979, 1.0
hr3652, 1.0
hr2077, 0.1
hr2076, 0.4
hr2075, 0.0
hr2074, 0.3
hr2073, 0.3
hr2072, 0.9
hr2071, 1.0
hr2070, 0.0
hr2079, 0.3
hr2078, 0.0
hr3706, 0.4
hr3707, 0.4
hr3704, 0.0
hr3705, 0.5
hr3702, 1.0
hr3703, 1.0
hr3700, 0.0
hr3701, 1.0
hr3708, 0.8
hr3709, 0.0
hr5, 1.0
hr4, 1.0
hr7, 1.0
hr6, 0.9
hr3, 1.0
hr2, 1.0
hr2253, 1.0
hr2252, 0.3
hr2251, 0.4
hr2250, 0.4
hr2257, 0.0
hr2256, 0.0
hr2255, 0.2
hr2254, 0.5
hr2259, 0.5
hr2258, 0.7
hr873, 0.1
hr1757, 0.5
hr1756, 0.6
hr1755, 0.0
hr1754, 0.3
hr1753, 0.6
hr1752, 1.0
hr1751, 0.0
hr1750, 0.8
hr1759, 0.0
hr1758, 0.4
hr1289, 0.1
hr1288, 0.3
hr1281, 0.1
hr1280, 1.0
hr1283, 0.0
hr1282, 0.0
hr1285, 0.6
hr1284, 0.1
hr1287, 0.7
hr1286, 0.0
hr1133, 0.5
hr1132, 1.0
hr1131, 1.0
hr1130, 0.4
hr1137, 0.5
hr1136, 0.0
hr1135, 1.0
hr1134, 0.0
hr1139, 0.1
hr1138, 0.0
hr3324, 1.0
hr4707, 0.0
hr4706, 0.0
hr4705, 0.0
hr4704, 0.0
hr4703, 1.0
hr4702, 0.0
hr4701, 0.4
hr4700, 1.0
hr4709, 0.8
hr4708, 0.5
hr3283, 1.0
hr3282, 0.0
hr3281, 1.0
hr3280, 1.0
hr3287, 0.3
hr1056, 0.0
hr3285, 1.0
hr3284, 0.0
hr3289, 1.0
hr3288, 1.0
hr1058, 0.0
hr1059, 0.0
hr4563, 0.0
hr4562, 1.0
hr4561, 0.0
hr4560, 0.0
hr4567, 0.3
hr4566, 0.9
hr4565, 1.0
hr4564, 1.0
hr4569, 1.0
hr4568, 1.0
hr3069, 0.0
hr3068, 1.0
hr3067, 1.0
hr3066, 1.0
hr3065, 1.0
hr3064, 0.0
hr3063, 0.5
hr3062, 1.0
hr3061, 0.0
hr3060, 0.6
hr2824, 1.0
hr2825, 0.0
hr2826, 1.0
hr2391, 0.8
hr2396, 0.0
hr2397, 0.0
hr209, 0.0
hr208, 0.0
hr2822, 0.0
hr201, 0.0
hr200, 0.0
hr203, 0.9
hr202, 1.0
hr205, 0.7
hr204, 0.0
hr207, 1.0
hr206, 0.5
hr2628, 0.8
hr2629, 1.0
hr2622, 0.0
hr2623, 0.0
hr2620, 0.0
hr2621, 0.0
hr2626, 0.0
hr2627, 1.0
hr2624, 0.5
hr2625, 1.0
hr678, 0.9
hr679, 0.5
hr670, 0.0
hr671, 0.1
hr672, 0.0
hr673, 1.0
hr674, 0.2
hr675, 0.0
hr676, 0.0
hr677, 0.6
hr11, 0.0
hr10, 0.8
hr12, 0.0
hr15, 0.0
hr874, 0.2
hr4918, 0.5
hr4919, 0.7
hr4912, 0.0
hr4913, 0.0
hr4910, 0.3
hr4911, 0.0
hr4916, 0.5
hr4917, 0.0
hr4914, 1.0
hr4915, 0.3
hr3496, 0.0
hr3497, 0.0
hr3494, 0.1
hr3495, 0.0
hr3492, 1.0
hr3493, 0.7
hr3490, 0.4
hr3491, 0.0
hr3498, 1.0
hr3499, 0.0
hr2011, 0.3
hr2010, 1.0
hr2013, 1.0
hr2012, 0.2
hr2015, 0.5
hr2014, 0.7
hr2017, 0.0
hr2016, 0.4
hr2019, 0.9
hr2018, 0.7
hr5548, 0.0
hr5549, 0.0
hr5546, 0.0
hr5547, 0.0
hr5544, 1.0
hr5545, 0.3
hr5542, 1.0
hr5543, 1.0
hr5540, 0.0
hr5541, 0.0
hr3720, 1.0
hr3721, 0.5
hr3722, 0.7
hr3723, 0.4
hr3724, 0.7
hr3725, 0.9
hr3726, 0.1
hr3727, 0.9
hr3728, 0.7
hr3729, 0.0
hr5098, 1.0
hr5099, 0.0
hr5090, 1.0
hr5091, 0.7
hr5092, 1.0
hr5093, 0.0
hr5094, 1.0
hr5095, 0.1
hr5096, 0.0
hr5097, 1.0
hr803, 1.0
hr802, 1.0
hr801, 0.4
hr1790, 0.1
hr807, 1.0
hr1796, 0.2
hr805, 0.7
hr1794, 0.0
hr1799, 0.0
hr1798, 0.5
hr1731, 0.1
hr1730, 0.0
hr1733, 0.9
hr1732, 0.2
hr1735, 1.0
hr1734, 0.0
hr1737, 0.2
hr1736, 0.0
hr1739, 0.0
hr1738, 0.0
hr4761, 0.3
hr4760, 1.0
hr4763, 0.4
hr4762, 0.3
hr4765, 0.0
hr4764, 1.0
hr4767, 0.0
hr4766, 1.0
hr4769, 0.0
hr4768, 0.0
hr3269, 0.0
hr3268, 0.0
hr3265, 0.0
hr3264, 0.0
hr3267, 0.0
hr3266, 0.0
hr3261, 0.0
hr3260, 0.0
hr3263, 0.0
hr3262, 0.0
hr4589, 0.5
hr4588, 0.5
hr4585, 0.0
hr4584, 0.0
hr4587, 0.6
hr4586, 1.0
hr4581, 1.0
hr4580, 0.0
hr4583, 0.1
hr4582, 0.0
hr3009, 0.0
hr3008, 0.0
hr3001, 0.0
hr3000, 1.0
hr3003, 0.0
hr3002, 1.0
hr3005, 0.3
hr3004, 0.0
hr3007, 1.0
hr3006, 0.5
hr199, 0.0
hr198, 0.1
hr191, 0.5
hr190, 0.0
hr193, 0.0
hr192, 0.0
hr195, 0.0
hr194, 0.0
hr197, 0.0
hr196, 0.9
hr2454, 0.1
hr227, 0.0
hr226, 0.0
hr225, 0.3
hr224, 1.0
hr223, 0.1
hr222, 0.5
hr221, 1.0
hr220, 1.0
hr229, 0.0
hr228, 1.0
hr2455, 0.7
hr2604, 0.0
hr2605, 0.0
hr2606, 0.3
hr2607, 0.4
hr2600, 0.5
hr2601, 0.0
hr2602, 1.0
hr2603, 1.0
hr2608, 0.0
hr2609, 1.0
hr2358, 0.0
hr2359, 0.0
hr5375, 0.0
hr5374, 1.0
hr5377, 0.0
hr5376, 1.0
hr5371, 1.0
hr5370, 0.0
hr5373, 0.0
hr5372, 0.0
hr5379, 0.8
hr5378, 0.5
hr1076, 0.9
hr1077, 0.8
hr1074, 0.5
hr1075, 0.7
hr1072, 1.0
hr1073, 0.5
hr1070, 0.3
hr1071, 0.7
hr1078, 1.0
hr1079, 0.1
hr4934, 1.0
hr4935, 1.0
hr4936, 0.0
hr4937, 0.5
hr4930, 0.5
hr4931, 0.3
hr4932, 0.0
hr4241, 0.2
hr4938, 1.0
hr4939, 0.3
hr4248, 0.5
hr4249, 0.0
hr3928, 1.0
hr3929, 0.1
hr3926, 0.0
hr3927, 0.0
hr3924, 0.0
hr3925, 0.6
hr3922, 0.0
hr3923, 0.1
hr3920, 1.0
hr3921, 0.0
hr691, 0.0
hr1821, 0.0
hr2039, 0.1
hr2038, 0.0
hr2033, 0.1
hr2032, 0.0
hr2031, 0.0
hr2030, 0.0
hr2037, 0.0
hr2036, 0.0
hr2035, 0.0
hr2034, 0.2
hr5568, 0.0
hr5569, 0.0
hr5560, 0.0
hr5561, 0.3
hr5562, 0.3
hr5563, 0.2
hr5564, 0.0
hr5565, 0.0
hr5566, 0.0
hr5567, 0.0
hr3748, 0.0
hr3749, 0.1
hr3742, 0.5
hr3743, 0.4
hr3740, 0.0
hr3741, 0.0
hr3746, 0.0
hr3747, 0.4
hr3744, 0.3
hr3745, 0.0
hr2297, 0.0
hr2296, 0.3
hr2295, 0.0
hr2294, 0.0
hr2293, 0.3
hr2292, 0.0
hr2291, 0.2
hr2290, 0.0
hr2299, 0.5
hr2298, 0.0
hr739, 0.4
hr738, 0.6
hr735, 0.0
hr734, 0.5
hr737, 0.0
hr736, 0.0
hr731, 0.8
hr730, 0.9
hr733, 0.7
hr732, 0.9
hr1719, 0.7
hr1718, 0.0
hr1249, 0.9
hr1248, 1.0
hr1713, 1.0
hr1712, 0.0
hr1711, 0.0
hr1710, 0.0
hr1717, 0.7
hr1716, 0.3
hr1715, 0.3
hr1714, 0.0
hr1384, 0.0
hr1385, 0.0
hr1438, 0.0
hr1439, 1.0
hr1388, 0.0
hr1389, 0.0
hr1926, 0.7
hr1927, 0.0
hr1432, 0.7
hr1921, 0.0
hr1430, 1.0
hr1431, 0.1
hr4608, 0.3
hr4609, 0.0
hr4358, 1.0
hr4749, 1.0
hr4748, 0.6
hr4039, 0.0
hr4038, 1.0
hr4359, 0.0
hr4035, 0.2
hr4034, 0.5
hr4741, 0.3
hr4036, 0.8
hr4031, 0.9
hr4030, 0.6
hr4033, 0.4
hr4032, 0.7
hr2998, 0.0
hr2999, 0.0
hr2994, 0.4
hr2995, 0.6
hr2996, 0.5
hr2997, 1.0
hr2990, 0.0
hr2991, 1.0
hr2992, 0.8
hr2993, 1.0
hr3247, 0.0
hr3246, 1.0
hr3245, 0.5
hr3244, 0.0
hr3243, 0.0
hr3242, 0.0
hr3241, 1.0
hr3240, 0.5
hr3249, 0.0
hr3248, 0.0
hr2194, 1.0
hr2195, 0.0
hr2196, 0.5
hr2197, 0.0
hr2190, 0.3
hr2191, 0.0
hr2192, 1.0
hr2193, 0.0
hr2198, 1.0
hr2199, 0.3
hr3023, 0.9
hr3022, 0.1
hr3021, 1.0
hr3020, 0.5
hr3027, 0.5
hr3026, 1.0
hr3025, 0.5
hr3024, 0.4
hr3029, 0.5
hr3028, 0.5
hr2370, 0.0
hr2371, 0.0
hr2372, 0.0
hr2373, 1.0
hr2374, 0.5
hr2375, 0.7
hr2376, 0.7
hr2377, 0.5
hr2378, 0.7
hr2379, 0.8
hr2262, 0.5
hr2263, 1.0
hr2260, 0.5
hr2261, 1.0
hr2266, 0.0
hr2267, 0.3
hr2264, 1.0
hr2597, 1.0
hr5359, 0.0
hr5358, 1.0
hr5357, 0.5
hr5356, 1.0
hr5355, 1.0
hr5354, 0.4
hr5353, 0.0
hr5352, 0.0
hr5351, 1.0
hr5350, 1.0
hr946, 1.0
hr947, 0.5
hr944, 0.0
hr945, 1.0
hr942, 0.4
hr943, 1.0
hr940, 1.0
hr941, 0.0
hr948, 0.8
hr949, 0.0
hr4484, 0.4
hr4485, 0.3
hr4486, 1.0
hr4487, 1.0
hr4480, 0.0
hr4481, 1.0
hr4482, 1.0
hr4483, 0.3
hr4488, 0.0
hr4489, 0.5
hr1050, 0.0
hr1051, 0.0
hr1052, 0.0
hr1053, 0.0
hr1054, 0.0
hr1055, 0.0
hr1508, 0.1
hr1509, 0.2
hr1506, 0.0
hr1507, 0.2
hr1504, 0.0
hr1505, 0.2
hr1502, 1.0
hr1503, 1.0
hr1500, 0.0
hr1501, 0.2
hr4260, 0.3
hr4261, 0.4
hr4262, 1.0
hr4263, 0.6
hr4264, 1.0
hr4265, 0.4
hr4266, 0.0
hr4267, 1.0
hr4268, 0.8
hr4269, 0.0
hr3908, 0.0
hr3909, 0.0
hr3900, 0.5
hr3901, 1.0
hr3902, 0.2
hr3903, 0.8
hr3904, 0.0
hr3905, 0.2
hr3906, 0.0
hr3907, 0.0
hr3764, 0.9
hr3765, 0.2
hr3766, 0.5
hr3767, 0.4
hr3760, 1.0
hr3761, 0.8
hr3762, 0.9
hr3763, 0.9
hr3768, 0.3
hr3769, 1.0
hr2513, 1.0
hr5502, 0.7
hr5503, 0.1
hr5500, 1.0
hr5501, 0.0
hr5506, 0.0
hr5507, 0.0
hr5504, 0.5
hr5505, 0.9
hr5508, 0.0
hr5509, 0.0
hr2415, 0.4
hr2414, 0.6
hr2417, 1.0
hr2416, 0.0
hr2411, 0.0
hr2410, 1.0
hr2413, 0.7
hr2412, 0.4
hr2419, 0.0
hr2418, 1.0
hr719, 0.3
hr718, 1.0
hr713, 0.4
hr712, 0.4
hr711, 1.0
hr710, 0.1
hr717, 0.0
hr716, 1.0
hr715, 0.1
hr714, 0.5
hr1267, 1.0
hr1266, 0.3
hr1265, 0.2
hr1264, 0.0
hr1263, 0.1
hr1262, 0.0
hr1261, 0.0
hr1260, 0.0
hr1269, 0.7
hr1268, 1.0
hr5130, 0.0
hr1191, 0.0
hr1190, 0.0
hr1193, 1.0
hr1192, 0.5
hr1195, 0.0
hr1194, 1.0
hr1197, 1.0
hr1196, 0.0
hr1199, 0.0
hr1198, 0.0
hr3654, 0.0
hr3655, 0.2
hr3656, 0.3
hr1999, 0.3
hr1998, 0.1
hr3657, 0.8
hr1991, 0.4
hr1990, 1.0
hr1993, 1.0
hr1992, 0.6
hr1995, 0.1
hr1994, 1.0
hr1997, 0.5
hr1996, 0.4
hr4017, 1.0
hr4016, 0.1
hr4015, 0.6
hr4014, 0.0
hr4013, 0.8
hr4012, 1.0
hr4011, 1.0
hr4010, 0.0
hr3121, 1.0
hr4019, 0.2
hr4018, 0.6
hr1515, 0.2
hr1514, 0.0
hr1517, 1.0
hr1516, 0.2
hr1511, 1.0
hr1510, 1.0
hr1513, 1.0
hr1512, 1.0
hr159, 0.0
hr158, 0.0
hr155, 0.1
hr154, 0.0
hr157, 0.0
hr156, 0.0
hr151, 1.0
hr150, 1.0
hr153, 0.0
hr152, 1.0
hr3221, 0.0
hr3220, 1.0
hr3223, 0.2
hr3222, 0.0
hr3225, 1.0
hr3224, 0.0
hr3227, 1.0
hr3226, 1.0
hr3229, 0.2
hr3228, 0.3
hr2833, 1.0
hr2178, 0.1
hr2179, 0.2
hr2176, 1.0
hr2177, 0.0
hr2174, 0.1
hr2175, 1.0
hr2172, 0.0
hr2383, 0.7
hr2170, 0.0
hr2171, 0.4
hr2382, 0.7
hr2837, 1.0
hr2836, 0.1
hr2835, 0.8
hr2834, 0.0
hr3599, 0.7
hr3598, 1.0
hr3593, 0.9
hr3592, 0.4
hr3591, 0.0
hr3590, 0.9
hr3597, 0.0
hr3596, 0.0
hr3595, 1.0
hr3594, 0.0
hr2318, 1.0
hr2319, 0.5
hr2312, 0.8
hr2313, 0.3
hr2310, 0.5
hr2311, 0.0
hr2316, 0.0
hr2317, 0.1
hr2314, 1.0
hr2315, 0.7
hr5339, 0.0
hr5338, 0.0
hr5331, 0.3
hr5330, 0.0
hr5333, 1.0
hr5332, 0.0
hr5335, 0.0
hr5334, 0.0
hr5337, 0.3
hr5336, 0.3
hr4142, 0.9
hr814, 0.0
hr968, 0.0
hr969, 0.9
hr964, 0.1
hr965, 0.0
hr966, 0.0
hr967, 0.6
hr960, 0.3
hr961, 0.1
hr962, 0.1
hr963, 0.1
hr4468, 0.5
hr4469, 0.0
hr4466, 0.9
hr4467, 0.0
hr4464, 0.5
hr4465, 1.0
hr4462, 0.0
hr4463, 0.0
hr4460, 0.1
hr4461, 0.0
hr1528, 0.5
hr1529, 0.0
hr1038, 0.5
hr1039, 1.0
hr1032, 0.8
hr1033, 0.3
hr1030, 0.0
hr1031, 0.0
hr1036, 0.4
hr1037, 0.0
hr1034, 0.0
hr1527, 0.0
hr4208, 0.3
hr4209, 0.0
hr4202, 0.0
hr4203, 0.5
hr4200, 0.4
hr4201, 1.0
hr4206, 1.0
hr4207, 0.0
hr4204, 0.0
hr4205, 0.1
hr3962, 1.0
hr3963, 0.0
hr3960, 1.0
hr3961, 0.0
hr3966, 0.0
hr3967, 0.0
hr3964, 1.0
hr3965, 0.5
hr3968, 0.0
hr3969, 0.5
hr815, 0.0
hr3788, 1.0
hr3789, 0.7
hr3786, 1.0
hr3787, 1.0
hr3784, 1.0
hr3785, 0.9
hr3782, 0.3
hr3783, 0.0
hr3780, 0.0
hr3781, 0.0
hr816, 0.9
hr366, 0.3
hr367, 1.0
hr364, 0.0
hr365, 0.0
hr362, 0.0
hr363, 0.0
hr360, 0.3
hr361, 0.3
hr368, 1.0
hr369, 1.0
hr2785, 0.5
hr2784, 0.5
hr2787, 1.0
hr2786, 0.0
hr2781, 0.0
hr2780, 0.1
hr2783, 0.4
hr2782, 0.2
hr2789, 1.0
hr2788, 0.1
hr5528, 0.5
hr5529, 0.5
hr5524, 0.0
hr5525, 0.3
hr5526, 0.5
hr5527, 0.0
hr5520, 1.0
hr5521, 0.5
hr5522, 1.0
hr5523, 0.5
hr2173, 0.0
hr771, 1.0
hr770, 1.0
hr773, 1.0
hr772, 0.4
hr775, 0.7
hr774, 1.0
hr2439, 0.3
hr776, 0.7
hr779, 1.0
hr778, 0.6
hr2435, 0.0
hr2434, 0.2
hr2433, 0.3
hr2432, 0.0
hr2431, 0.3
hr2430, 0.3
hr1765, 1.0
hr1762, 1.0
hr1763, 0.2
hr1812, 0.5
hr1761, 0.4
hr1201, 0.3
hr1200, 0.0
hr1203, 1.0
hr1202, 1.0
hr1205, 1.0
hr1204, 0.3
hr1207, 0.0
hr1206, 0.5
hr1209, 0.6
hr1208, 0.7
hr4086, 0.0
hr4087, 0.0
hr4088, 0.0
hr4089, 1.0
hr810, 0.3
hr4071, 0.7
hr4070, 1.0
hr4073, 1.0
hr4072, 0.0
hr4075, 0.0
hr4074, 0.0
hr4077, 0.6
hr4076, 0.8
hr4079, 0.4
hr4078, 1.0
hr4223, 0.8
hr4695, 0.4
hr4694, 0.0
hr4697, 1.0
hr4696, 0.4
hr4691, 0.7
hr4690, 0.0
hr4693, 0.4
hr4692, 0.0
hr173, 0.0
hr172, 0.0
hr171, 0.1
hr170, 0.0
hr177, 1.0
hr176, 1.0
hr175, 1.0
hr174, 0.0
hr3209, 1.0
hr3208, 0.5
hr3203, 0.0
hr3202, 0.3
hr3201, 0.0
hr3200, 0.0
hr3207, 0.0
hr3206, 0.0
hr3205, 0.7
hr3204, 0.5
hr281, 0.0
hr280, 0.0
hr283, 1.0
hr282, 1.0
hr285, 0.0
hr284, 1.0
hr287, 0.0
hr286, 0.0
hr289, 0.0
hr288, 0.0
hr2152, 0.0
hr2153, 0.3
hr2154, 0.6
hr2155, 0.0
hr2156, 0.6
hr2157, 0.2
hr1105, 0.5
hr4552, 0.2
hr4553, 0.7
hr4882, 1.0
hr4883, 1.0
hr4556, 0.0
hr4557, 0.8
hr4554, 1.0
hr4555, 1.0
hr2846, 0.8
hr2847, 0.1
hr2844, 0.8
hr2845, 0.6
hr2842, 0.5
hr2843, 0.3
hr2840, 0.5
hr2841, 0.3
hr2338, 0.3
hr2339, 0.0
hr2848, 0.3
hr2849, 0.0
hr5645, 0.7
hr5312, 0.5
hr5647, 1.0
hr5646, 0.4
hr5317, 0.0
hr5640, 0.4
hr5643, 0.5
hr5642, 1.0
hr5319, 0.5
hr5318, 1.0
hr5649, 1.0
hr5648, 1.0
hr908, 0.0
hr909, 1.0
hr902, 0.3
hr903, 1.0
hr900, 0.0
hr901, 0.4
hr906, 0.6
hr907, 0.0
hr904, 0.5
hr905, 0.0
hr4448, 1.0
hr4449, 0.6
hr4198, 1.0
hr4199, 0.6
hr4192, 0.5
hr4193, 0.4
hr4190, 0.5
hr4191, 0.1
hr4444, 0.5
hr4197, 0.4
hr4447, 1.0
hr1014, 0.6
hr1015, 0.3
hr1016, 0.0
hr1017, 1.0
hr1010, 0.0
hr1011, 1.0
hr1012, 0.0
hr1013, 1.0
hr1548, 1.0
hr1549, 0.9
hr1018, 0.1
hr1019, 0.0
hr3948, 0.0
hr3949, 0.0
hr3944, 0.0
hr3945, 0.0
hr3946, 0.0
hr3947, 0.0
hr3940, 0.8
hr3941, 0.0
hr3942, 0.0
hr3943, 0.0
hr4224, 0.0
hr4225, 0.8
hr4990, 0.0
hr4991, 0.2
hr4220, 0.0
hr4997, 0.0
hr4994, 0.4
hr4995, 0.2
hr4998, 0.0
hr4999, 0.0
hr4228, 0.7
hr4229, 0.5
hr3418, 0.7
hr3419, 1.0
hr3416, 1.0
hr3417, 1.0
hr3414, 0.3
hr3415, 0.5
hr3412, 0.5
hr3413, 0.9
hr3410, 0.9
hr3411, 0.8
hr348, 0.0
hr349, 0.5
hr344, 0.0
hr345, 0.0
hr346, 0.9
hr347, 0.4
hr340, 0.0
hr341, 0.0
hr342, 0.9
hr343, 1.0
hr3328, 0.0
hr3329, 0.4
hr2459, 0.0
hr2458, 1.0
hr759, 0.5
hr758, 1.0
hr757, 0.3
hr2450, 0.1
hr755, 0.4
hr754, 1.0
hr753, 1.0
hr752, 0.1
hr751, 1.0
hr2456, 1.0
hr704, 1.0
hr705, 1.0
hr706, 0.0
hr707, 1.0
hr700, 0.0
hr701, 0.7
hr3056, 0.0
hr702, 0.0
hr3057, 0.5
hr2427, 1.0
hr3054, 0.3
hr1229, 0.0
hr1228, 0.6
hr1223, 0.5
hr3052, 1.0
hr1221, 0.8
hr1220, 0.5
hr1227, 0.5
hr1226, 1.0
hr1225, 0.4
hr3053, 0.5
hr3050, 0.0
hr3051, 1.0
hr5106, 0.3
hr5107, 0.8
hr5104, 0.4
hr5105, 1.0
hr5102, 0.0
hr5103, 0.5
hr5100, 0.5
hr5101, 0.0
hr1395, 0.0
hr5108, 0.5
hr5109, 0.2
hr1426, 0.0
hr1421, 0.0
hr1420, 0.0
hr1423, 0.7
hr1422, 1.0
hr1959, 0.6
hr1958, 0.0
hr1489, 0.3
hr1488, 0.5
hr1955, 0.2
hr1486, 0.0
hr1485, 0.6
hr1484, 1.0
hr1483, 0.0
hr1482, 0.8
hr1481, 0.5
hr1480, 0.0
hr4059, 0.0
hr4058, 0.7
hr4053, 0.0
hr4052, 0.0
hr4051, 0.1
hr4050, 0.0
hr4057, 0.0
hr4056, 0.7
hr4055, 0.0
hr4054, 0.0
hr4615, 0.5
hr4614, 0.3
hr4617, 1.0
hr4616, 0.3
hr4611, 0.0
hr4610, 0.0
hr4613, 0.1
hr4340, 1.0
hr111, 0.1
hr110, 0.0
hr113, 0.0
hr112, 0.0
hr115, 0.0
hr114, 0.0
hr117, 0.0
hr116, 0.0
hr119, 0.0
hr118, 0.1
hr3889, 0.5
hr3888, 0.0
hr3881, 0.0
hr3880, 0.0
hr3883, 0.0
hr3882, 0.0
hr3885, 1.0
hr3884, 0.0
hr3887, 1.0
hr3886, 0.0
hr3081, 1.0
hr3080, 0.7
hr3083, 1.0
hr3082, 1.0
hr3085, 0.3
hr3084, 0.2
hr3087, 1.0
hr3086, 0.6
hr3089, 0.6
hr3088, 0.0
hr2132, 0.0
hr2133, 0.5
hr2130, 0.0
hr2131, 1.0
hr2136, 1.0
hr2137, 0.2
hr2134, 0.3
hr2135, 0.7
hr2138, 1.0
hr2139, 0.3
hr5483, 0.9
hr5482, 1.0
hr5481, 0.8
hr5480, 1.0
hr5487, 0.5
hr5486, 0.0
hr5485, 0.0
hr5484, 0.2
hr5489, 0.0
hr5488, 0.0
hr3625, 0.6
hr3624, 0.0
hr3627, 0.5
hr3626, 0.3
hr3621, 1.0
hr3620, 0.0
hr3623, 0.5
hr3622, 1.0
hr3629, 0.8
hr3628, 0.5
hr2860, 0.5
hr2861, 0.0
hr2862, 0.0
hr2863, 0.0
hr2864, 0.0
hr2865, 0.0
hr2866, 0.6
hr2867, 1.0
hr2868, 0.2
hr2869, 0.7
hr2686, 0.5
hr2687, 0.9
hr2680, 1.0
hr2681, 1.0
hr2682, 1.0
hr2683, 1.0
hr5669, 1.0
hr5668, 1.0
hr5667, 1.0
hr5666, 1.0
hr5665, 1.0
hr5664, 0.0
hr5663, 0.0
hr5662, 0.0
hr5661, 0.0
hr5660, 0.0
hr920, 0.4
hr921, 0.3
hr922, 0.1
hr923, 0.0
hr924, 0.0
hr925, 0.8
hr926, 1.0
hr883, 1.0
hr928, 0.0
hr929, 0.0
hr882, 0.5
hr2823, 1.0
hr881, 0.5
hr1568, 0.0
hr1569, 1.0
hr1564, 0.6
hr1565, 0.0
hr1566, 0.5
hr1567, 1.0
hr1560, 0.1
hr1561, 1.0
hr1562, 0.5
hr1563, 0.5
hr880, 0.0
hr887, 1.0
hr4422, 0.0
hr4423, 1.0
hr4420, 1.0
hr4421, 0.3
hr4426, 0.0
hr4427, 0.2
hr4424, 0.0
hr4425, 0.4
hr4428, 0.0
hr4429, 0.6
hr886, 0.7
hr885, 0.2
hr884, 1.0
hr3438, 0.1
hr3439, 0.0
hr2673, 0.9
hr3430, 0.0
hr3431, 0.3
hr3432, 1.0
hr3433, 0.0
hr3434, 1.0
hr3435, 0.0
hr3436, 0.9
hr3437, 0.0
hr1454, 0.5
hr328, 0.3
hr329, 0.7
hr322, 0.9
hr323, 1.0
hr320, 0.0
hr321, 0.0
hr326, 1.0
hr327, 0.7
hr324, 0.6
hr325, 1.0
hr1455, 0.0
hr2473, 1.0
hr2472, 1.0
hr2471, 0.5
hr2470, 0.3
hr2477, 0.1
hr2476, 0.6
hr2475, 0.2
hr2474, 0.0
hr2479, 0.0
hr2478, 0.9
hr5296, 0.0
hr5297, 0.0
hr5294, 0.0
hr5295, 1.0
hr5292, 0.5
hr5293, 1.0
hr5290, 0.3
hr5291, 0.0
hr5298, 1.0
hr5299, 0.5
hr1554, 0.0
hr5120, 0.4
hr5121, 1.0
hr5122, 0.0
hr5123, 0.0
hr5124, 0.5
hr5125, 0.5
hr5126, 0.3
hr5127, 0.0
hr5128, 0.1
hr5129, 1.0
hr3643, 0.1
hr3642, 0.0
hr3137, 0.0
hr3136, 0.6
hr3131, 0.0
hr3130, 0.0
hr3133, 1.0
hr3644, 1.0
hr1520, 0.3
hr1521, 0.0
hr1522, 0.6
hr1523, 0.2
hr1524, 0.0
hr1525, 0.0
hr1977, 0.0
hr1976, 0.0
hr1975, 0.0
hr1974, 0.4
hr1973, 1.0
hr1972, 0.8
hr1971, 0.7
hr1970, 1.0
hr1035, 0.3
hr1979, 0.0
hr1978, 0.0
hr139, 0.0
hr138, 0.0
hr137, 0.0
hr136, 0.0
hr135, 0.0
hr134, 0.5
hr133, 1.0
hr132, 1.0
hr131, 0.0
hr130, 0.5
hr1605, 0.0
hr1604, 1.0
hr1607, 1.0
hr1606, 1.0
hr1601, 0.0
hr1600, 0.0
hr1603, 0.7
hr1602, 0.0
hr1609, 0.1
hr1608, 0.0
hr2118, 0.1
hr2119, 0.0
hr2114, 0.5
hr2115, 1.0
hr2116, 0.0
hr2117, 0.0
hr2110, 0.0
hr2111, 0.0
hr2112, 0.2
hr2113, 1.0
hr5469, 1.0
hr5468, 0.3
hr5465, 0.0
hr5464, 0.0
hr5467, 0.0
hr5466, 0.0
hr5461, 0.8
hr5460, 0.5
hr5463, 1.0
hr5462, 0.5
hr3609, 0.2
hr3608, 0.5
hr3607, 1.0
hr3606, 1.0
hr3605, 0.3
hr3604, 1.0
hr3603, 0.7
hr3602, 0.1
hr3601, 1.0
hr3600, 0.2
hr2808, 0.0
hr2809, 1.0
hr2802, 0.8
hr2803, 0.5
hr2800, 0.1
hr2801, 0.6
hr2806, 0.9
hr2807, 0.5
hr2804, 1.0
hr2805, 0.7
hr5609, 0.6
hr5608, 0.0
hr5601, 0.0
hr5600, 1.0
hr5603, 0.0
hr5602, 0.0
hr5605, 1.0
hr5604, 0.0
hr5607, 0.3
hr5606, 0.0
hr490, 0.3
hr491, 0.7
hr492, 1.0
hr493, 0.9
hr494, 0.4
hr495, 0.6
hr496, 0.8
hr497, 0.5
hr498, 0.2
hr499, 0.1
hr148, 0.0
hr149, 1.0
hr4408, 0.3
hr4409, 0.5
hr4158, 1.0
hr4159, 0.0
hr4404, 0.7
hr4405, 0.0
hr4406, 1.0
hr4407, 0.9
hr4152, 0.4
hr4153, 1.0
hr4402, 0.0
hr4151, 0.7
hr4996, 0.0
hr300, 0.4
hr301, 0.6
hr302, 1.0
hr303, 0.5
hr304, 1.0
hr305, 0.0
hr306, 0.0
hr307, 0.3
hr308, 1.0
hr309, 1.0
hr2510, 0.1
hr2511, 1.0
hr2512, 0.0
hr3452, 0.0
hr3453, 0.0
hr3450, 1.0
hr3451, 0.0
hr3456, 0.1
hr3457, 1.0
hr3454, 1.0
hr3455, 1.0
hr450, 1.0
hr3458, 0.5
hr3459, 0.2
hr451, 0.5
hr2516, 0.0
hr2517, 0.0
hr2499, 0.1
hr2498, 0.0
hr2495, 0.3
hr2494, 0.6
hr2497, 0.3
hr2496, 1.0
hr2491, 0.0
hr2490, 0.0
hr2493, 0.2
hr2492, 1.0
hr1803, 0.3
hr1802, 0.3
hr1801, 0.2
hr1800, 1.0
hr1807, 0.0
hr1806, 0.2
hr1805, 0.0
hr1804, 1.0
hr4725, 1.0
hr4096, 0.5
hr4727, 1.0
hr4726, 0.3
hr4721, 1.0
hr4092, 0.0
hr5148, 1.0
hr5149, 0.5
hr4723, 0.1
hr5142, 0.8
hr5143, 1.0
hr5140, 0.0
hr5141, 1.0
hr5146, 0.7
hr5147, 0.0
hr5144, 0.0
hr5145, 0.0
hr685, 0.6
hr684, 0.4
hr687, 0.8
hr686, 0.5
hr681, 0.5
hr680, 0.1
hr683, 0.0
hr682, 1.0
hr689, 0.0
hr688, 0.3
hr1911, 1.0
hr1910, 0.1
hr1913, 0.3
hr1912, 1.0
hr1915, 0.1
hr1914, 0.0
hr1917, 0.0
hr1916, 0.6
hr1919, 0.8
hr1918, 0.5
hr4365, 0.3
hr4364, 0.0
hr4367, 1.0
hr4366, 0.8
hr4361, 0.0
hr4360, 0.8
hr4363, 0.2
hr4362, 1.0
hr4369, 1.0
hr4368, 0.3
hr3849, 1.0
hr3848, 0.0
hr3845, 0.0
hr3844, 0.0
hr3847, 0.2
hr3846, 0.7
hr3841, 0.0
hr3840, 0.7
hr3843, 0.0
hr3842, 0.0
hr1629, 0.0
hr1628, 1.0
hr1627, 0.0
hr1626, 1.0
hr1625, 0.0
hr1624, 0.5
hr1623, 0.1
hr1622, 0.0
hr1621, 0.1
hr1620, 0.2
hr3669, 0.0
hr3668, 0.0
hr3661, 0.8
hr3660, 0.1
hr3663, 1.0
hr3662, 0.1
hr3665, 0.0
hr3664, 0.0
hr3667, 1.0
hr3666, 0.0
hr2392, 1.0
hr2393, 0.0
hr2390, 0.0
hr2827, 0.2
hr2820, 1.0
hr2821, 0.0
hr2394, 1.0
hr2395, 0.5
hr2398, 1.0
hr2399, 0.5
hr2828, 1.0
hr2829, 1.0
hr515, 0.0
hr514, 0.0
hr517, 0.0
hr516, 0.0
hr511, 0.3
hr510, 0.3
hr513, 0.5
hr512, 0.0
hr519, 0.0
hr518, 0.0
hr5447, 1.0
hr5446, 0.5
hr5445, 0.0
hr5444, 0.0
hr5443, 0.0
hr5442, 0.0
hr5441, 0.6
hr5440, 1.0
hr5449, 0.8
hr5448, 0.5
hr2536, 0.5
hr2537, 1.0
hr2534, 0.5
hr2535, 0.9
hr2532, 0.8
hr2533, 0.8
hr2530, 0.9
hr2531, 0.9
hr2538, 0.4
hr2539, 0.0
hr478, 1.0
hr479, 0.0
hr476, 1.0
hr477, 1.0
hr474, 0.0
hr475, 0.3
hr472, 0.0
hr473, 0.0
hr470, 0.0
hr471, 0.3
hr5623, 0.0
hr5622, 0.2
hr5621, 0.0
hr5620, 0.5
hr5627, 0.0
hr5626, 0.0
hr5625, 0.0
hr5624, 0.0
hr5629, 1.0
hr5628, 1.0
hr845, 0.4
hr4178, 0.3
hr4179, 0.0
hr4170, 0.0
hr4171, 0.7
hr4172, 0.4
hr4173, 0.3
hr4174, 1.0
hr4175, 0.0
hr4176, 0.1
hr4177, 1.0
hr4282, 0.3
hr4283, 1.0
hr4280, 0.0
hr4281, 1.0
hr4286, 1.0
hr4287, 0.5
hr4284, 1.0
hr4285, 0.1
hr4288, 0.0
hr4289, 0.7
hr4826, 0.0
hr4827, 0.0
hr4824, 0.0
hr4825, 0.0
hr4822, 0.5
hr4823, 0.5
hr4820, 0.0
hr4821, 1.0
hr4828, 0.0
hr4829, 0.7
hr3478, 1.0
hr3479, 1.0
hr3474, 0.9
hr3475, 0.0
hr3476, 0.0
hr3477, 0.0
hr3470, 0.8
hr3471, 0.0
hr3472, 0.2
hr3473, 0.0
hr5656, 0.5
hr2709, 0.5
hr2708, 0.8
hr5657, 0.5
hr2705, 0.5
hr2704, 0.5
hr2707, 0.5
hr2706, 0.0
hr2701, 0.5
hr2700, 0.9
hr2703, 0.6
hr2702, 0.0
hr5655, 0.5
hr5300, 1.0
hr5653, 1.0
hr5302, 0.0
hr5651, 0.0
hr3997, 0.1
hr3996, 0.9
hr3995, 0.0
hr3994, 0.8
hr3993, 1.0
hr3992, 0.4
hr3991, 0.7
hr3990, 0.0
hr3045, 0.3
hr777, 0.9
hr3044, 0.8
hr2438, 0.8
hr3511, 0.1
hr2437, 0.0
hr3510, 0.0
hr2436, 0.0
hr3517, 0.0
hr3516, 0.2
hr3515, 0.0
hr3514, 0.0
hr5164, 0.9
hr5165, 0.3
hr5166, 0.0
hr5167, 1.0
hr5160, 1.0
hr5161, 0.5
hr5162, 1.0
hr5163, 1.0
hr5168, 0.0
hr5169, 1.0
hr4332, 1.0
hr4333, 0.6
hr4622, 0.0
hr4331, 0.0
hr4336, 0.4
hr4337, 0.0
hr4334, 0.0
hr4627, 0.5
hr1939, 0.0
hr1938, 1.0
hr1429, 0.3
hr1428, 0.4
hr1399, 1.0
hr1398, 1.0
hr1933, 0.0
hr1932, 1.0
hr1931, 0.8
hr1930, 0.5
hr1937, 0.7
hr1392, 0.7
hr1391, 0.7
hr1390, 0.4
hr4619, 0.9
hr4618, 0.0
hr4349, 1.0
hr4348, 0.0
hr4347, 0.3
hr4346, 0.9
hr4345, 0.0
hr4344, 0.0
hr4343, 1.0
hr4342, 1.0
hr4341, 0.3
hr4612, 1.0
hr3867, 0.3
hr3866, 0.0
hr3865, 1.0
hr3864, 0.9
hr3863, 1.0
hr3862, 0.7
hr3861, 0.0
hr3860, 0.4
hr3869, 0.7
hr3868, 1.0
hr1649, 0.0
hr1648, 0.0
hr1641, 0.0
hr1640, 0.3
hr1643, 0.1
hr1642, 0.1
hr1645, 0.1
hr1644, 0.0
hr1647, 1.0
hr1646, 0.3
hr3399, 0.4
hr3398, 0.3
hr3391, 0.4
hr3390, 0.3
hr3393, 0.5
hr3392, 0.8
hr3395, 0.1
hr3394, 0.0
hr3397, 0.1
hr3396, 0.5
hr3135, 0.0
hr3134, 0.7
hr3641, 1.0
hr3640, 0.0
hr3647, 1.0
hr3646, 0.2
hr3645, 0.0
hr3132, 1.0
hr3649, 0.0
hr3648, 0.0
hr3139, 0.1
hr3138, 1.0
hr533, 0.4
hr532, 0.0
hr531, 0.3
hr530, 0.1
hr537, 0.1
hr536, 0.0
hr535, 0.0
hr534, 0.0
hr539, 0.3
hr538, 0.0
hr5421, 0.7
hr5420, 1.0
hr5423, 1.0
hr5422, 1.0
hr5425, 0.0
hr5424, 0.0
hr5427, 0.0
hr5426, 0.0
hr5429, 0.0
hr5428, 1.0
hr454, 0.7
hr455, 0.0
hr456, 0.0
hr457, 1.0
hr2514, 1.0
hr2515, 0.0
hr452, 0.0
hr453, 1.0
hr2518, 0.4
hr2519, 0.0
hr458, 1.0
hr459, 1.0
hr5399, 0.0
hr5398, 0.3
hr5393, 0.5
hr5392, 1.0
hr5391, 0.5
hr5390, 0.0
hr5397, 1.0
hr5396, 0.0
hr5395, 0.2
hr5394, 1.0
hr982, 0.7
hr983, 0.4
hr980, 0.0
hr981, 0.0
hr986, 0.7
hr987, 1.0
hr984, 0.6
hr985, 0.7
hr988, 0.4
hr989, 1.0
hr1098, 0.1
hr1099, 0.9
hr1094, 0.2
hr1095, 0.8
hr1096, 0.0
hr1097, 1.0
hr1090, 0.0
hr1091, 1.0
hr1092, 0.0
hr1093, 0.2
hr1894, 1.0
hr1895, 1.0
hr1896, 0.8
hr1897, 0.5
hr1890, 0.0
hr1891, 0.1
hr1892, 0.1
hr1893, 0.0
hr1898, 0.7
hr1899, 0.0
hr4112, 0.0
hr4113, 0.0
hr4110, 0.0
hr4111, 1.0
hr4116, 0.0
hr4117, 0.0
hr4114, 0.0
hr4115, 0.5
hr4118, 1.0
hr4119, 0.0
hr4800, 1.0
hr4801, 0.5
hr4802, 0.5
hr4803, 1.0
hr4804, 1.0
hr4805, 1.0
hr4806, 0.0
hr4807, 0.4
hr4808, 1.0
hr4809, 1.0
hr2727, 0.4
hr2726, 0.9
hr2725, 0.5
hr2724, 1.0
hr2723, 0.0
hr2722, 0.5
hr2721, 0.0
hr2720, 0.5
hr2729, 0.5
hr2728, 0.9
hr5188, 0.0
hr5189, 0.0
hr5186, 0.1
hr5187, 0.0
hr5184, 1.0
hr5185, 0.2
hr5182, 0.0
hr5183, 0.8
hr5180, 0.6
hr5181, 0.5
hr847, 0.2
hr1407, 0.8
hr1406, 1.0
hr1405, 0.4
hr1404, 1.0
hr1403, 0.0
hr1402, 0.3
hr1401, 0.0
hr1400, 0.0
hr1409, 0.3
hr1408, 0.8
hr4329, 1.0
hr4328, 0.5
hr4321, 1.0
hr4320, 1.0
hr4323, 0.3
hr4322, 0.5
hr4325, 0.0
hr4324, 0.5
hr4327, 0.5
hr4326, 0.0
hr3801, 1.0
hr3800, 0.0
hr3803, 1.0
hr3802, 0.1
hr3805, 0.0
hr3804, 0.1
hr3807, 0.8
hr3806, 1.0
hr3809, 0.0
hr3808, 0.0
hr861, 0.3
hr1663, 0.4
hr1662, 0.5
hr1661, 0.1
hr1660, 0.7
hr1667, 0.2
hr1666, 0.1
hr1665, 0.0
hr1664, 0.0
hr1669, 0.0
hr1668, 0.0
hr860, 0.0
hr863, 0.2
hr4637, 0.6
hr4636, 0.3
hr4635, 0.7
hr4634, 0.7
hr4633, 1.0
hr4632, 0.3
hr4631, 0.5
hr4630, 0.3
hr4639, 0.0
hr4638, 0.6
hr865, 0.0
hr864, 0.3
hr3119, 1.0
hr3118, 0.0
hr3117, 0.0
hr3116, 0.5
hr3115, 0.0
hr3114, 0.0
hr3113, 0.2
hr3112, 0.6
hr3111, 0.9
hr3110, 1.0
hr866, 0.0
hr559, 0.1
hr558, 0.6
hr551, 0.0
hr550, 0.5
hr553, 1.0
hr552, 0.0
hr555, 1.0
hr554, 0.0
hr557, 1.0
hr556, 1.0
hr5409, 1.0
hr5408, 1.0
hr5403, 0.6
hr5402, 1.0
hr5401, 1.0
hr5400, 1.0
hr5407, 0.0
hr5406, 1.0
hr5405, 1.0
hr5404, 1.0
hr432, 1.0
hr433, 0.5
hr2578, 0.2
hr2579, 1.0
hr436, 1.0
hr437, 0.0
hr434, 1.0
hr435, 0.4
hr2572, 1.0
hr2573, 0.5
hr2570, 1.0
hr2571, 1.0
hr2576, 0.5
hr2577, 1.0
hr2574, 0.0
hr2575, 0.9
hr1437, 0.1
hr179, 1.0
hr178, 0.9
hr1878, 0.4
hr1879, 1.0
hr1876, 0.0
hr1877, 0.1
hr1874, 1.0
hr1875, 0.1
hr1872, 1.0
hr1873, 1.0
hr1870, 0.4
hr1871, 1.0
hr4138, 1.0
hr4139, 1.0
hr4134, 1.0
hr4135, 0.9
hr4136, 0.1
hr4137, 1.0
hr4130, 0.0
hr4131, 0.0
hr4132, 0.0
hr4133, 0.0
hr4790, 0.2
hr4791, 0.0
hr4792, 1.0
hr4793, 0.1
hr4794, 1.0
hr4795, 0.9
hr4796, 0.0
hr4797, 1.0
hr4798, 0.0
hr4799, 1.0
hr4868, 0.5
hr4869, 0.9
hr4862, 0.0
hr4863, 0.4
hr4860, 0.0
hr4861, 0.0
hr4866, 1.0
hr4867, 0.5
hr4864, 0.1
hr4865, 0.0
hr2158, 1.0
hr2509, 0.1
hr2159, 0.0
hr426, 0.0
hr429, 0.0
hr428, 0.0
hr878, 0.0
hr2150, 0.5
hr879, 0.9
hr2151, 0.0
hr3566, 0.0
hr3567, 0.5
hr3564, 0.0
hr3565, 0.5
hr3562, 1.0
hr3563, 0.0
hr3560, 0.0
hr1293, 0.7
hr1290, 0.9
hr3568, 0.0
hr3569, 0.4
hr1743, 0.0
hr1296, 0.6
hr1297, 0.3
hr2965, 1.0
hr2964, 1.0
hr2967, 0.8
hr2966, 0.0
hr2961, 0.5
hr2960, 0.0
hr2963, 1.0
hr2962, 0.1
hr2749, 0.3
hr2748, 1.0
hr1747, 0.0
hr2969, 0.6
hr2968, 0.0
hr5218, 0.0
hr5219, 0.0
hr5216, 0.0
hr5217, 0.0
hr5214, 1.0
hr5215, 0.0
hr5212, 0.9
hr5213, 0.9
hr5210, 1.0
hr5211, 0.4
hr86, 0.0
hr87, 0.0
hr84, 0.0
hr85, 0.0
hr82, 0.0
hr80, 0.0
hr81, 0.0
hr88, 0.0
hr89, 0.0
hr1792, 1.0
hr4157, 0.9
hr1791, 1.0
hr1461, 1.0
hr1460, 1.0
hr1463, 0.0
hr1462, 0.8
hr1465, 0.1
hr1464, 0.2
hr1467, 0.0
hr1466, 0.0
hr1469, 1.0
hr1468, 1.0
hr1797, 1.0
hr3829, 1.0
hr3828, 0.0
hr3823, 1.0
hr3822, 0.5
hr3821, 0.0
hr3820, 0.0
hr3827, 0.0
hr3826, 0.9
hr3825, 0.0
hr3824, 0.0
hr1689, 1.0
hr1688, 0.0
hr1685, 0.0
hr1684, 1.0
hr1687, 0.5
hr1686, 0.0
hr1681, 0.0
hr1680, 0.0
hr1683, 0.0
hr1682, 0.1
hr4303, 0.1
hr4302, 1.0
hr4301, 0.7
hr4300, 0.5
hr4307, 0.8
hr4654, 1.0
hr4305, 0.6
hr4304, 1.0
hr4659, 0.4
hr4658, 0.0
hr4309, 0.0
hr4308, 0.8
hr3359, 1.0
hr3358, 1.0
hr3355, 1.0
hr3354, 0.0
hr3357, 0.0
hr3356, 1.0
hr3351, 0.0
hr3350, 1.0
hr3353, 0.0
hr3352, 0.3
hr3179, 0.6
hr3178, 0.0
hr3171, 1.0
hr3170, 1.0
hr3173, 1.0
hr3172, 0.0
hr3175, 1.0
hr3174, 0.6
hr3177, 0.3
hr3176, 0.0
hr2882, 0.8
hr2883, 0.5
hr2880, 0.0
hr2881, 0.0
hr2886, 1.0
hr2887, 0.1
hr2884, 0.0
hr2885, 1.0
hr2888, 0.1
hr2889, 0.0
hr577, 1.0
hr576, 1.0
hr575, 1.0
hr574, 0.0
hr573, 0.1
hr572, 0.7
hr571, 0.8
hr570, 0.4
hr2082, 1.0
hr2083, 0.2
hr2080, 0.3
hr2081, 1.0
hr2086, 0.1
hr2087, 1.0
hr579, 0.0
hr578, 1.0
hr3687, 1.0
hr3686, 1.0
hr3685, 0.8
hr3684, 1.0
hr3683, 0.5
hr3682, 0.4
hr3681, 0.6
hr3680, 0.3
hr3689, 0.9
hr3688, 0.0
hr2226, 1.0
hr2227, 1.0
hr2224, 0.1
hr2225, 0.0
hr2222, 1.0
hr2223, 0.6
hr2220, 1.0
hr2553, 0.0
hr2558, 0.0
hr2559, 0.0
hr2228, 0.3
hr2229, 0.2
hr418, 1.0
hr419, 0.8
hr410, 1.0
hr411, 0.2
hr412, 0.0
hr413, 0.3
hr414, 1.0
hr415, 0.0
hr416, 1.0
hr417, 0.4
hr5680, 0.0
hr5025, 0.3
hr5024, 0.0
hr5027, 0.5
hr5026, 0.7
hr5021, 1.0
hr5020, 1.0
hr5023, 0.4
hr5022, 0.0
hr5029, 0.2
hr5028, 0.0
hr1109, 0.0
hr1858, 0.0
hr1859, 0.0
hr1850, 1.0
hr1851, 0.0
hr1852, 0.6
hr1853, 1.0
hr1854, 0.0
hr1855, 0.1
hr1856, 0.4
hr1857, 0.0
hr4698, 1.0
hr2334, 0.3
hr2335, 0.0
hr2336, 1.0
hr1146, 0.5
hr1147, 1.0
hr1144, 0.4
hr1145, 0.0
hr1142, 1.0
hr1143, 1.0
hr1140, 0.3
hr1141, 0.2
hr2330, 0.7
hr1148, 0.6
hr1149, 0.5
hr388, 1.0
hr389, 1.0
hr4846, 0.0
hr4847, 0.4
hr4840, 0.0
hr4841, 0.0
hr4510, 0.5
hr4843, 0.3
hr380, 0.0
hr381, 0.0
hr382, 1.0
hr383, 0.8
hr384, 0.1
hr385, 0.2
hr386, 0.0
hr387, 0.0
hr5313, 0.0
hr5644, 0.7
hr5311, 0.0
hr5310, 0.3
hr5641, 0.0
hr5316, 1.0
hr5315, 1.0
hr5314, 0.3
hr3540, 0.3
hr3541, 1.0
hr3542, 1.0
hr3543, 0.0
hr3544, 0.7
hr3545, 0.0
hr3546, 0.0
hr3547, 0.5
hr3548, 0.5
hr3549, 0.8
hr2448, 0.5
hr2769, 1.0
hr2768, 1.0
hr2949, 1.0
hr2948, 0.5
hr2947, 0.0
hr2946, 1.0
hr2945, 0.3
hr2944, 0.0
hr2943, 1.0
hr2942, 0.0
hr2941, 0.3
hr2940, 0.0
hr5238, 0.0
hr5239, 0.0
hr5230, 1.0
hr5231, 0.4
hr5232, 0.5
hr5233, 0.7
hr5234, 0.0
hr5235, 0.2
hr5236, 1.0
hr5237, 1.0
hr2440, 0.1
hr2441, 0.5
hr68, 0.0
hr69, 0.1
hr64, 0.0
hr65, 0.0
hr66, 0.0
hr67, 1.0
hr60, 0.1
hr61, 1.0
hr62, 0.0
hr63, 1.0
hr609, 0.0
hr608, 0.0
hr605, 0.7
hr604, 0.3
hr607, 0.9
hr606, 0.2
hr601, 0.0
hr600, 0.0
hr603, 0.0
hr602, 1.0
hr1449, 0.7
hr1448, 0.9
hr1339, 0.2
hr1338, 0.0
hr1443, 0.0
hr1334, 0.0
hr1337, 1.0
hr1336, 0.8
hr1331, 0.9
hr1330, 0.0
hr1333, 0.0
hr1332, 0.0
hr4679, 0.0
hr4678, 0.7
hr4673, 1.0
hr4672, 0.3
hr4671, 1.0
hr4670, 1.0
hr4677, 1.0
hr4676, 0.0
hr4675, 0.0
hr4674, 0.2
hr823, 0.9
hr2231, 1.0
hr822, 0.1
hr2230, 0.0
hr3377, 1.0
hr3376, 1.0
hr3375, 0.6
hr3374, 0.3
hr3373, 1.0
hr3372, 0.0
hr3371, 0.1
hr3370, 0.3
hr3379, 1.0
hr3378, 0.5
hr599, 0.0
hr598, 0.0
hr595, 0.0
hr594, 0.4
hr597, 0.0
hr596, 0.4
hr591, 0.0
hr590, 0.0
hr593, 1.0
hr592, 0.5
hr3153, 0.0
hr3152, 0.6
hr3151, 1.0
hr3150, 0.0
hr3157, 0.5
hr3156, 1.0
hr3155, 1.0
hr3154, 1.0
hr3159, 0.0
hr3158, 0.0
hr2200, 0.0
hr2201, 0.0
hr2202, 0.6
hr2203, 0.6
hr2204, 0.0
hr2205, 0.0
hr2206, 1.0
hr2207, 0.4
hr2208, 0.5
hr2209, 1.0
hr3055, 1.0
hr5009, 0.0
hr5008, 1.0
hr5007, 0.0
hr5006, 0.0
hr5005, 0.0
hr5004, 0.0
hr5003, 0.8
hr5002, 0.4
hr5001, 0.0
hr5000, 0.0
hr1784, 0.2
hr1833, 0.0
hr1786, 1.0
hr1787, 0.5
hr1836, 1.0
hr1837, 0.0
hr1834, 0.0
hr1835, 0.1
hr1838, 0.3
hr1839, 1.0
hr1788, 0.9
hr1789, 1.0
hr838, 0.0
hr839, 0.4
hr1160, 1.0
hr1161, 0.0
hr1162, 0.5
hr1163, 0.5
hr1164, 1.0
hr1165, 1.0
hr1166, 1.0
hr1167, 1.0
hr1168, 1.0
hr1169, 1.0
hr4530, 1.0
hr4531, 1.0
hr4532, 0.5
hr4533, 0.3
hr4534, 1.0
hr4535, 1.0
hr4536, 0.0
hr2337, 0.0
hr4538, 0.5
hr4539, 1.0
hr2331, 1.0
hr2332, 0.2
hr1948, 0.7
hr1949, 1.0
hr4440, 0.1
hr4442, 0.0
hr2333, 0.1
hr4443, 0.2
hr4196, 1.0
hr4445, 0.0
hr3528, 0.8
hr3529, 0.7
hr4446, 0.7
hr3522, 1.0
hr3523, 1.0
hr3520, 1.0
hr3521, 0.5
hr3526, 0.8
hr3527, 0.5
hr3524, 0.5
hr3525, 1.0
hr2929, 0.5
hr2928, 0.0
hr2921, 0.3
hr2920, 0.0
hr2923, 1.0
hr2922, 0.6
hr2925, 0.7
hr2924, 1.0
hr2927, 1.0
hr2926, 0.0
hr1542, 0.6
hr1543, 0.0
hr1540, 0.0
hr1541, 1.0
hr4699, 0.1
hr1546, 0.7
hr1547, 0.6
hr1544, 0.5
hr1545, 0.0
hr5252, 0.7
hr5253, 1.0
hr5250, 0.0
hr5251, 0.0
hr5256, 1.0
hr5257, 1.0
hr5254, 0.5
hr5255, 0.2
hr5258, 1.0
hr5259, 0.0
hr2357, 1.0
hr48, 0.5
hr49, 1.0
hr42, 1.0
hr43, 0.4
hr40, 0.0
hr41, 0.3
hr46, 1.0
hr47, 0.3
hr44, 0.0
hr45, 1.0
hr2354, 0.5
hr629, 0.0
hr628, 0.0
hr623, 1.0
hr622, 0.1
hr621, 0.9
hr620, 0.0
hr627, 0.5
hr626, 0.3
hr625, 0.3
hr624, 0.7
hr1317, 0.3
hr1316, 1.0
hr1315, 0.3
hr1314, 1.0
hr1313, 0.6
hr1312, 0.4
hr1311, 0.8
hr1310, 1.0
hr1319, 0.0
hr1318, 0.1
hr5654, 0.0
hr3311, 1.0
hr3310, 0.0
hr3313, 0.5
hr3312, 0.6
hr3315, 0.4
hr3314, 0.0
hr3317, 0.0
hr3316, 1.0
hr3319, 0.9
hr3318, 0.1
hr2048, 0.0
hr2049, 1.0
hr2046, 1.0
hr2047, 0.0
hr2044, 0.0
hr2045, 1.0
hr2042, 0.2
hr2043, 0.0
hr2040, 0.0
hr2041, 0.7
hr2598, 0.0
hr2599, 0.0
hr2268, 0.0
hr2269, 0.0
hr1946, 0.0
hr2590, 0.4
hr2591, 0.4
hr2592, 0.0
hr2593, 0.7
hr2594, 0.1
hr2595, 0.0
hr2596, 0.5
hr2265, 1.0
hr5069, 0.7
hr5068, 0.0
hr5061, 1.0
hr5060, 0.0
hr5063, 0.4
hr5062, 0.6
hr5065, 0.0
hr5064, 0.8
hr5067, 0.0
hr5066, 1.0
hr2976, 0.1
hr2753, 1.0
hr2750, 0.6
hr2975, 0.0
hr2972, 0.0
hr2973, 0.0
hr2970, 1.0
hr2971, 0.0
hr1818, 1.0
hr1819, 1.0
hr1768, 1.0
hr1769, 0.0
hr1814, 0.6
hr1815, 1.0
hr1816, 0.1
hr1817, 0.5
hr1810, 0.0
hr1811, 0.0
hr1760, 0.0
hr1813, 0.7
hr4080, 0.4
hr4081, 1.0
hr4082, 1.0
hr4083, 0.5
hr4084, 0.0
hr4085, 0.0
hr4738, 0.0
hr4739, 0.4
hr4736, 0.3
hr4737, 1.0
hr4734, 1.0
hr4735, 0.3
hr4732, 0.2
hr4733, 0.0
hr4730, 0.0
hr4731, 1.0
hr4992, 0.0
hr4993, 0.0
hr4226, 0.5
hr1108, 0.3
hr4227, 0.0
hr1102, 0.0
hr1103, 1.0
hr1100, 0.0
hr1101, 0.0
hr1106, 0.3
hr1107, 0.0
hr1104, 0.0
hr4221, 0.3
hr4888, 0.2
hr4889, 0.0
hr4558, 0.9
hr4559, 0.5
hr4222, 1.0
hr846, 0.6
hr4880, 0.0
hr4881, 1.0
hr4550, 1.0
hr4551, 0.4
hr4884, 0.0
hr4885, 0.5
hr4886, 0.6
hr4887, 0.0
hr844, 0.0
hr843, 0.0
hr842, 0.2
hr841, 0.2
hr840, 0.0
hr430, 0.2
hr431, 0.0
hr849, 0.0
hr848, 0.0
hr1824, 0.1
hr439, 0.0
hr1827, 0.0
hr3504, 0.0
hr3505, 0.4
hr3506, 0.0
hr3507, 0.4
hr3500, 0.0
hr3501, 0.0
hr3502, 1.0
hr3503, 0.0
hr3508, 0.5
hr3509, 0.1
hr3058, 0.8
hr3059, 0.7
hr1826, 1.0
hr2903, 0.7
hr2902, 0.0
hr2901, 0.3
hr2900, 1.0
hr2907, 0.5
hr2906, 0.8
hr2905, 0.1
hr2904, 0.1
hr2909, 0.1
hr2908, 1.0
hr256, 1.0
hr257, 0.0
hr254, 1.0
hr255, 1.0
hr252, 1.0
hr253, 1.0
hr250, 1.0
hr251, 1.0
hr258, 0.8
hr259, 1.0
hr140, 1.0
hr2675, 0.1
hr2674, 1.0
hr2677, 0.4
hr2676, 0.0
hr2671, 0.8
hr2670, 0.0
hr141, 0.0
hr2672, 0.7
hr2679, 1.0
hr2678, 0.6
hr5278, 0.0
hr5279, 0.0
hr5274, 0.0
hr5275, 0.0
hr5276, 0.5
hr5277, 0.0
hr5270, 0.1
hr5271, 0.0
hr5272, 1.0
hr5273, 0.0
hr641, 0.2
hr640, 1.0
hr643, 1.0
hr642, 1.0
hr645, 0.0
hr644, 0.5
hr647, 0.5
hr646, 0.0
hr649, 0.0
hr648, 0.0
hr5190, 0.6
hr1371, 0.3
hr1370, 0.0
hr1373, 0.0
hr1372, 0.0
hr1375, 1.0
hr1374, 0.0
hr1377, 0.3
hr1376, 0.5
hr1379, 0.4
hr1378, 0.0
hr20, 0.0
hr21, 0.0
hr22, 0.7
hr23, 1.0
hr24, 0.9
hr25, 0.9
hr26, 0.0
hr27, 0.0
hr28, 0.0
hr29, 0.0
hr1595, 0.0
hr1594, 0.9
hr1597, 0.2
hr1596, 0.0
hr1591, 0.6
hr1590, 0.1
hr1593, 0.0
hr1592, 0.6
hr1599, 0.1
hr1598, 0.5
hr4945, 1.0
hr4944, 0.5
hr4947, 1.0
hr4946, 0.0
hr4941, 0.0
hr4940, 0.0
hr4943, 0.3
hr4942, 0.0
hr4949, 0.5
hr4948, 0.1
hr3339, 1.0
hr3338, 1.0
hr3999, 0.0
hr3998, 0.0
hr3333, 0.2
hr3332, 0.2
hr3331, 0.1
hr3330, 0.1
hr3337, 0.2
hr3336, 0.0
hr3335, 1.0
hr3334, 0.0
hr2068, 0.4
hr2069, 1.0
hr2060, 0.0
hr2061, 0.5
hr2062, 0.7
hr2063, 1.0
hr2064, 0.3
hr2065, 0.3
hr2066, 0.5
hr2067, 0.5
hr3197, 0.6
hr3196, 0.5
hr3195, 0.0
hr3194, 1.0
hr3193, 1.0
hr3192, 1.0
hr3191, 0.0
hr3190, 0.6
hr3325, 0.0
hr3199, 1.0
hr3198, 1.0
hr5599, 1.0
hr5598, 1.0
hr5591, 0.0
hr5590, 0.5
hr5593, 0.0
hr5592, 0.5
hr5595, 0.5
hr5594, 0.5
hr5597, 1.0
hr5596, 0.2
hr2244, 1.0
hr2245, 1.0
hr2246, 0.3
hr2247, 0.9
hr2240, 0.1
hr2241, 0.7
hr2242, 0.0
hr2243, 0.0
hr2248, 0.0
hr2249, 0.1
hr5043, 0.0
hr5042, 0.0
hr5041, 0.9
hr5040, 1.0
hr5047, 0.0
hr5046, 0.0
hr5045, 0.0
hr5044, 0.0
hr5049, 0.5
hr5048, 0.0
hr3286, 0.7
hr788, 0.0
hr789, 0.0
hr784, 0.0
hr785, 0.0
hr786, 0.0
hr787, 1.0
hr780, 1.0
hr781, 0.8
hr782, 1.0
hr783, 0.0
hr1748, 0.0
hr1749, 0.0
hr1298, 0.4
hr1299, 1.0
hr1740, 0.9
hr1741, 0.5
hr1742, 0.5
hr1291, 0.3
hr1744, 0.5
hr1745, 0.5
hr1294, 1.0
hr1295, 0.0
hr4718, 1.0
hr4719, 1.0
hr4710, 0.5
hr4711, 0.0
hr4712, 0.7
hr4713, 1.0
hr4714, 0.0
hr4715, 1.0
hr4716, 1.0
hr4717, 0.5
hr1124, 0.0
hr1125, 0.2
hr1126, 1.0
hr1127, 0.0
hr1120, 1.0
hr1121, 0.0
hr1122, 0.9
hr1123, 0.4
hr1128, 0.9
hr1129, 0.5
hr2320, 0.0
hr2327, 1.0
hr2326, 0.0
hr2325, 0.5
hr2324, 0.2
hr3294, 1.0
hr3295, 0.0
hr3296, 0.0
hr3297, 0.0
hr3290, 0.5
hr3291, 1.0
hr3292, 1.0
hr3293, 0.0
hr3298, 1.0
hr3299, 1.0
hr4574, 0.0
hr4575, 1.0
hr4576, 0.0
hr4577, 0.6
hr4570, 1.0
hr4571, 0.9
hr4572, 0.5
hr4573, 0.9
hr4578, 0.0
hr4579, 0.5
hr3070, 1.0
hr3071, 1.0
hr3072, 0.0
hr3073, 1.0
hr3074, 1.0
hr3075, 0.0
hr3076, 1.0
hr3077, 0.7
hr3078, 0.0
hr3079, 0.0
hr2451, 0.0
hr756, 0.6
hr2453, 0.8
hr2452, 0.0
hr278, 0.0
hr279, 0.5
hr274, 0.1
hr275, 0.3
hr276, 1.0
hr277, 0.0
hr270, 0.0
hr271, 0.8
hr272, 0.2
hr273, 1.0
hr2457, 0.0
hr750, 0.3
hr2659, 0.0
hr2658, 0.6
hr2657, 1.0
hr2656, 0.4
hr2655, 1.0
hr2654, 0.3
hr2653, 0.0
hr2652, 0.1
hr2651, 0.6
hr2650, 0.0
hr669, 0.1
hr668, 1.0
hr667, 0.8
hr666, 0.0
hr665, 0.1
hr664, 0.1
hr663, 0.0
hr662, 1.0
hr661, 0.0
hr660, 0.0
hr1359, 1.0
hr1358, 0.0
hr1353, 0.5
hr1352, 0.0
hr1351, 0.0
hr1350, 0.0
hr1357, 1.0
hr1356, 0.3
hr1355, 1.0
hr1354, 0.4
hr2742, 1.0
hr2744, 0.5
hr4389, 1.0
hr4388, 0.6
hr4383, 0.7
hr4382, 0.9
hr4381, 1.0
hr4380, 1.0
hr4387, 0.9
hr4386, 0.5
hr4385, 0.4
hr4384, 0.0
hr1222, 0.0
hr1224, 0.6
hr4969, 0.6
hr4968, 0.5
hr4967, 1.0
hr4966, 0.0
hr4965, 0.0
hr4964, 0.0
hr4963, 0.0
hr4962, 1.0
hr4961, 1.0
hr4960, 0.5
hr1436, 0.0
hr2002, 0.2
hr2003, 0.1
hr2000, 0.1
hr2001, 0.2
hr2006, 0.5
hr2007, 0.0
hr2004, 0.6
hr2005, 0.0
hr2008, 0.5
hr2009, 1.0
hr3715, 0.3
hr3714, 0.3
hr3717, 0.6
hr3716, 0.5
hr3711, 0.1
hr3710, 0.0
hr3713, 0.5
hr3712, 0.0
hr3719, 0.0
hr3718, 0.8
hr4314, 0.5
hr4315, 1.0
hr4316, 1.0
hr4317, 1.0
hr4310, 1.0
hr4311, 0.0
hr4312, 0.0
hr4313, 0.4
hr1722, 0.8
hr1723, 0.0
hr1720, 0.5
hr1721, 0.7
hr1726, 0.4
hr1727, 0.1
hr1724, 1.0
hr1725, 0.0
hr858, 0.4
hr859, 0.5
hr1728, 0.0
hr1729, 0.1
hr4772, 0.5
hr4773, 1.0
hr4770, 0.0
hr4771, 0.4
hr4776, 0.0
hr4777, 1.0
hr4774, 1.0
hr4775, 1.0
hr4778, 0.2
hr4779, 1.0
hr3278, 0.3
hr3279, 0.9
hr3276, 0.0
hr3277, 1.0
hr3274, 0.2
hr3275, 1.0
hr3272, 0.0
hr3273, 1.0
hr3270, 0.0
hr3271, 1.0
hr1487, 0.0
hr4598, 0.0
hr4599, 1.0
hr4596, 0.0
hr4597, 1.0
hr4594, 0.5
hr4595, 0.0
hr4592, 0.4
hr4593, 1.0
hr4590, 0.9
hr4591, 0.0
hr3018, 0.0
hr3019, 0.0
hr3012, 0.0
hr3013, 0.9
hr3010, 0.0
hr3011, 0.0
hr3016, 0.0
hr3017, 1.0
hr3014, 0.0
hr3015, 0.0
hr1953, 0.2
hr1952, 0.7
hr218, 0.0
hr219, 0.4
hr212, 0.0
hr213, 0.0
hr210, 0.0
hr211, 0.0
hr216, 0.0
hr217, 1.0
hr214, 0.0
hr215, 0.0
hr1551, 0.7
hr1550, 0.3
hr1553, 0.7
hr2639, 0.5
hr2638, 0.6
hr1552, 1.0
hr2631, 1.0
hr2630, 1.0
hr2633, 0.1
hr2632, 0.0
hr2635, 0.0
hr2634, 0.5
hr2637, 0.8
hr2636, 0.0
hr1557, 0.0
hr1556, 0.0
hr3162, 1.0
hr3163, 0.0
hr3692, 0.0
hr3161, 1.0
hr3694, 0.3
hr3695, 1.0
hr5366, 0.5
hr5367, 1.0
hr5364, 0.0
hr5365, 0.0
hr5362, 0.2
hr3164, 1.0
hr5360, 1.0
hr5361, 0.5
hr3165, 1.0
hr5368, 0.0
hr5369, 0.5
hr4909, 0.0
hr4908, 1.0
hr4901, 0.5
hr4900, 1.0
hr4903, 1.0
hr4902, 0.0
hr4905, 0.5
hr4904, 0.0
hr4907, 0.0
hr4906, 0.0
hr3485, 1.0
hr3484, 0.0
hr3487, 0.7
hr3486, 1.0
hr3481, 0.4
hr3480, 0.0
hr3483, 0.5
hr3482, 0.7
hr3489, 0.9
hr3488, 0.5
hr2028, 0.0
hr2029, 0.0
hr2024, 0.0
hr2025, 1.0
hr2026, 0.8
hr2027, 0.9
hr2020, 0.1
hr2021, 1.0
hr2022, 1.0
hr2023, 0.0
hr5559, 0.0
hr5558, 0.5
hr5555, 1.0
hr5554, 0.0
hr5557, 1.0
hr5556, 0.8
hr5551, 1.0
hr5550, 0.0
hr5553, 0.0
hr5552, 0.2
hr3739, 0.0
hr3738, 0.0
hr3737, 0.0
hr3736, 0.5
hr3735, 0.5
hr3734, 0.0
hr3733, 0.0
hr3732, 1.0
hr3731, 1.0
hr3730, 1.0
hr2288, 0.1
hr2289, 0.9
hr2280, 1.0
hr2281, 0.5
hr2282, 0.5
hr2283, 0.5
hr2284, 1.0
hr2285, 0.0
hr2286, 0.0
hr2287, 0.3
hr2741, 1.0
hr2740, 0.0
hr2743, 0.8
hr5087, 0.3
hr5086, 1.0
hr5085, 0.8
hr5084, 0.0
hr5083, 0.8
hr5082, 0.5
hr5081, 0.4
hr5080, 1.0
hr2745, 0.9
hr5089, 0.6
hr5088, 0.2
hr2747, 0.5
hr2746, 1.0
hr1708, 0.6
hr1709, 0.0
hr1258, 0.0
hr1259, 0.0
hr1704, 0.0
hr1705, 0.5
hr1706, 0.0
hr1707, 0.3
hr1700, 0.0
hr1701, 0.9
hr1702, 0.5
hr1703, 1.0
hr2449, 0.6
hr4233, 0.5
hr4232, 0.1
hr4231, 1.0
hr4230, 0.3
hr4237, 0.6
hr4236, 0.2
hr850, 0.6
hr4235, 0.0
hr851, 0.0
hr4234, 0.5
hr852, 0.0
hr853, 0.4
hr854, 1.0
hr855, 0.2
hr856, 1.0
hr857, 1.0
hr4758, 0.0
hr4759, 1.0
hr4028, 0.3
hr4029, 1.0
hr4026, 0.0
hr4755, 0.3
hr4756, 0.0
hr4757, 0.7
hr4750, 0.8
hr4751, 0.0
hr4752, 1.0
hr4753, 0.0
hr3258, 0.0
hr3259, 0.0
hr3250, 0.0
hr3251, 0.0
hr3252, 0.0
hr3253, 0.0
hr3254, 0.0
hr3255, 0.0
hr3256, 0.0
hr3257, 0.0
hr2561, 0.4
hr406, 0.0
hr2563, 0.0
hr2562, 0.0
hr403, 0.0
hr402, 0.5
hr2567, 0.0
hr2566, 0.0
hr188, 0.0
hr189, 0.0
hr182, 0.1
hr183, 0.3
hr180, 0.5
hr181, 0.2
hr186, 1.0
hr187, 1.0
hr184, 0.3
hr185, 0.7
hr230, 0.3
hr231, 0.0
hr232, 0.9
hr233, 0.0
hr234, 0.5
hr235, 0.5
hr236, 0.0
hr237, 1.0
hr238, 0.0
hr239, 0.9
hr3034, 0.0
hr3035, 0.5
hr3036, 1.0
hr3037, 1.0
hr3030, 0.0
hr3031, 0.0
hr3032, 0.0
hr3033, 1.0
hr3038, 0.8
hr3039, 0.0
hr2613, 0.0
hr2612, 0.6
hr2347, 1.0
hr2346, 1.0
hr2341, 0.4
hr2340, 0.0
hr2343, 0.0
hr2342, 0.0
hr2619, 0.0
hr2618, 0.0
hr2349, 0.0
hr2348, 1.0
hr5340, 0.0
hr5341, 0.0
hr5342, 1.0
hr5343, 0.0
hr5344, 0.0
hr5345, 0.0
hr5346, 0.5
hr5347, 0.5
hr5348, 1.0
hr5349, 0.7
hr955, 0.0
hr954, 0.0
hr957, 0.8
hr956, 0.5
hr951, 0.0
hr950, 1.0
hr953, 0.0
hr952, 0.2
hr959, 0.9
hr958, 0.0
hr862, 0.5
hr1065, 1.0
hr1064, 0.7
hr1067, 0.5
hr1066, 0.0
hr1061, 0.0
hr1060, 0.0
hr1063, 1.0
hr1062, 1.0
hr1069, 1.0
hr1068, 0.5
hr4255, 0.0
hr4922, 0.0
hr4921, 0.7
hr4920, 0.7
hr4927, 0.2
hr4926, 0.4
hr4925, 1.0
hr4924, 0.4
hr4929, 0.0
hr4928, 0.5
hr4259, 0.3
hr4258, 0.0
hr3939, 0.0
hr3938, 0.7
hr3935, 0.0
hr3934, 0.3
hr3937, 1.0
hr3936, 0.0
hr3931, 0.9
hr3930, 0.7
hr3933, 1.0
hr3932, 1.0
hr3759, 0.5
hr3758, 0.0
hr3751, 0.0
hr3750, 0.3
hr3753, 0.0
hr3752, 0.0
hr3755, 1.0
hr3754, 0.5
hr3757, 0.0
hr3756, 1.0
hr5577, 0.0
hr5576, 0.0
hr5575, 0.0
hr5574, 1.0
hr5573, 1.0
hr5572, 0.0
hr5571, 0.0
hr5570, 0.0
hr5579, 0.5
hr5578, 1.0
hr2406, 0.0
hr2407, 0.3
hr2404, 0.3
hr2405, 0.0
hr2402, 1.0
hr2403, 1.0
hr2400, 0.3
hr2401, 1.0
hr2408, 1.0
hr2409, 1.0
hr728, 0.0
hr729, 0.0
hr726, 0.1
hr727, 0.0
hr724, 0.6
hr725, 0.0
hr722, 0.2
hr723, 0.0
hr720, 0.1
hr721, 0.6
hr894, 0.4
hr895, 0.0
hr896, 0.0
hr897, 0.1
hr867, 0.8
hr891, 0.0
hr892, 0.6
hr893, 0.9
hr898, 0.3
hr899, 0.4
hr1278, 0.0
hr1279, 0.5
hr1270, 1.0
hr1271, 0.0
hr1272, 0.0
hr1273, 0.0
hr1274, 0.6
hr1275, 1.0
hr1276, 0.3
hr1277, 1.0
hr1182, 1.0
hr1183, 0.0
hr1180, 0.1
hr1181, 0.7
hr1186, 0.7
hr1187, 0.0
hr1184, 1.0
hr1185, 0.5
hr1188, 0.8
hr1189, 0.0
hr2688, 1.0
hr2689, 0.4
hr2684, 0.0
hr1988, 0.0
hr1989, 0.0
hr2685, 0.0
hr1982, 0.6
hr1983, 0.2
hr1980, 0.3
hr1981, 0.0
hr1986, 0.4
hr1987, 0.0
hr1984, 0.5
hr1985, 0.8
hr4008, 1.0
hr4009, 0.5
hr4000, 1.0
hr4001, 0.6
hr4002, 1.0
hr4003, 0.3
hr4004, 0.0
hr4005, 0.7
hr4006, 1.0
hr4007, 0.8
hr2989, 0.0
hr2988, 0.3
hr2983, 0.0
hr2982, 0.0
hr2981, 0.4
hr2980, 1.0
hr2987, 1.0
hr2986, 0.2
hr2985, 0.8
hr2984, 0.3
hr3232, 0.9
hr3233, 0.5
hr3230, 1.0
hr3231, 1.0
hr3236, 0.0
hr3237, 1.0
hr3234, 0.0
hr3235, 1.0
hr3238, 0.0
hr3239, 1.0
hr2183, 0.0
hr2182, 0.0
hr2181, 0.5
hr2180, 0.0
hr2187, 0.5
hr2186, 0.0
hr2185, 0.1
hr2184, 0.0
hr2189, 0.8
hr2188, 0.0
hr3588, 0.5
hr3589, 1.0
hr3584, 0.5
hr3585, 0.5
hr3586, 1.0
hr3587, 0.6
hr3580, 0.1
hr3581, 0.8
hr3582, 0.5
hr3583, 0.3
hr2369, 0.0
hr2368, 0.0
hr2367, 0.3
hr2366, 0.5
hr2365, 1.0
hr2364, 0.0
hr2363, 0.0
hr2362, 0.0
hr2361, 0.9
hr2360, 0.7
hr5328, 1.0
hr5329, 1.0
hr5322, 1.0
hr5323, 0.2
hr5320, 0.7
hr5321, 1.0
hr5326, 1.0
hr5327, 0.0
hr5324, 0.0
hr5325, 0.1
hr973, 1.0
hr972, 1.0
hr971, 1.0
hr970, 0.0
hr977, 0.0
hr976, 1.0
hr975, 0.2
hr974, 0.0
hr979, 0.6
hr978, 0.5
hr4493, 1.0
hr4492, 0.0
hr4491, 1.0
hr4490, 0.6
hr4497, 1.0
hr4496, 1.0
hr4495, 0.5
hr4494, 0.3
hr4499, 0.0
hr4498, 0.2
hr1519, 1.0
hr1518, 0.4
hr1049, 0.0
hr1048, 0.0
hr1047, 0.0
hr1046, 0.0
hr1045, 0.0
hr1044, 0.0
hr1043, 0.0
hr1042, 0.0
hr1041, 0.0
hr1040, 0.9
hr4279, 0.5
hr4278, 0.8
hr4277, 0.3
hr4276, 0.7
hr4275, 0.5
hr4274, 0.0
hr4273, 0.2
hr4272, 1.0
hr4271, 0.0
hr4270, 0.5
hr3917, 0.0
hr3916, 0.0
hr3915, 0.0
hr3914, 0.0
hr3913, 1.0
hr3912, 0.0
hr3911, 0.0
hr3910, 0.0
hr3919, 0.0
hr3918, 0.0
hr3773, 0.0
hr3772, 0.0
hr3771, 0.3
hr3770, 0.9
hr3777, 1.0
hr3776, 0.9
hr3775, 0.9
hr3774, 0.0
hr3779, 0.0
hr3778, 0.0
hr4195, 0.3
hr375, 0.0
hr374, 0.0
hr377, 0.0
hr376, 0.0
hr371, 1.0
hr370, 1.0
hr373, 0.0
hr372, 1.0
hr379, 0.0
hr378, 0.0
hr2796, 0.1
hr2797, 0.1
hr2794, 0.5
hr2795, 1.0
hr2792, 0.0
hr2793, 1.0
hr2790, 0.0
hr2791, 0.7
hr2798, 0.7
hr2799, 0.8
hr5511, 0.0
hr5510, 1.0
hr5513, 0.0
hr5512, 0.0
hr5515, 0.1
hr5514, 0.0
hr5517, 0.0
hr5516, 0.5
hr5519, 0.5
hr5518, 0.0
hr2420, 0.0
hr2421, 0.0
hr2422, 0.0
hr2423, 0.3
hr2424, 0.0
hr2425, 0.3
hr2426, 0.2
hr703, 0.5
hr2428, 0.0
hr2429, 1.0
hr708, 0.2
hr709, 0.3
hr4651, 0.6
hr4650, 1.0
hr4653, 0.5
hr4652, 0.0
hr4655, 1.0
hr4306, 0.0
hr4657, 1.0
hr4656, 0.5
hr1212, 0.3
hr1213, 0.0
hr1210, 0.3
hr1211, 0.3
hr1216, 0.4
hr1217, 0.5
hr1214, 1.0
hr1215, 0.0
hr1218, 0.8
hr1219, 0.8
hr927, 0.8
hr4090, 0.0
hr4062, 0.0
hr4063, 0.5
hr4060, 0.7
hr4061, 0.0
hr4066, 0.5
hr4067, 0.8
hr4064, 1.0
hr4065, 0.0
hr4068, 0.8
hr4069, 1.0
hr3561, 1.0
hr4686, 1.0
hr4687, 0.0
hr4684, 1.0
hr4685, 0.0
hr4682, 0.7
hr4683, 0.0
hr4680, 0.0
hr4681, 1.0
hr146, 0.3
hr147, 0.9
hr144, 1.0
hr145, 1.0
hr142, 0.0
hr143, 1.0
hr4688, 0.0
hr4689, 1.0
hr3218, 0.7
hr3219, 0.0
hr3214, 0.0
hr3215, 0.0
hr3216, 1.0
hr3217, 1.0
hr3210, 1.0
hr3211, 0.8
hr3212, 0.4
hr3213, 0.0
hr2169, 0.1
hr2168, 0.0
hr2165, 1.0
hr2164, 0.9
hr2167, 0.5
hr2166, 0.5
hr2161, 1.0
hr2160, 0.0
hr2163, 0.0
hr2162, 1.0
hr1555, 0.0
hr2309, 0.6
hr2308, 0.0
hr2301, 0.7
hr2300, 1.0
hr2303, 0.0
hr2302, 0.3
hr2305, 0.6
hr2304, 0.0
hr2307, 0.5
hr2306, 0.0
hr5304, 0.3
hr5305, 0.0
hr5306, 0.0
hr5307, 0.0
hr5652, 0.0
hr5301, 0.0
hr5650, 1.0
hr5303, 1.0
hr5308, 1.0
hr5309, 0.3
hr5658, 1.0
hr5659, 1.0
hr4154, 1.0
hr4516, 0.0
hr4517, 0.0
hr919, 0.0
hr918, 0.0
hr911, 0.5
hr910, 1.0
hr913, 0.2
hr912, 0.0
hr915, 0.2
hr914, 1.0
hr917, 0.5
hr916, 0.6
hr4479, 0.0
hr4478, 0.0
hr4475, 1.0
hr4474, 0.5
hr4477, 0.0
hr4476, 0.0
hr4471, 0.0
hr4470, 0.0
hr4473, 0.0
hr4472, 0.3
hr1537, 0.0
hr1536, 0.0
hr1535, 0.3
hr1534, 0.0
hr1533, 1.0
hr1532, 0.0
hr1531, 0.0
hr1530, 0.3
hr4512, 1.0
hr1539, 0.7
hr1538, 0.0
hr1029, 0.0
hr1028, 0.0
hr1021, 1.0
hr1020, 0.6
hr1023, 0.0
hr1025, 0.0
hr1024, 0.5
hr1027, 0.0
hr1026, 0.9
hr4219, 0.7
hr4218, 0.0
hr4211, 1.0
hr4210, 0.0
hr4213, 0.6
hr4212, 0.6
hr4215, 0.0
hr4214, 0.8
hr4217, 0.5
hr4216, 0.0
hr3971, 0.0
hr3970, 0.0
hr3973, 1.0
hr3972, 0.0
hr3975, 0.0
hr3974, 1.0
hr3977, 1.0
hr3976, 0.2
hr3978, 0.0
hr5363, 0.0
hr2088, 0.0
hr2089, 0.9
hr3799, 1.0
hr3798, 1.0
hr3795, 1.0
hr3794, 1.0
hr3797, 1.0
hr3796, 0.3
hr3791, 0.0
hr3790, 0.6
hr3793, 0.0
hr3792, 1.0
hr353, 1.0
hr352, 1.0
hr351, 0.9
hr350, 1.0
hr357, 0.5
hr356, 0.8
hr355, 1.0
hr354, 0.3
hr359, 0.3
hr358, 0.4
hr2084, 0.5
hr2085, 0.7
hr5539, 0.5
hr5538, 0.0
hr5533, 0.0
hr5532, 1.0
hr5531, 0.5
hr5530, 1.0
hr5537, 1.0
hr5536, 0.0
hr5535, 0.0
hr5534, 0.0
hr762, 1.0
hr763, 0.9
hr760, 0.7
hr761, 0.9
hr766, 0.0
hr767, 1.0
hr764, 0.0
hr765, 0.0
hr2442, 0.0
hr2443, 1.0
hr768, 0.0
hr769, 0.0
hr2446, 0.9
hr2447, 0.3
hr2444, 0.0
hr2445, 1.0
hr2954, 1.0
hr2955, 0.0
hr2958, 0.0
hr1238, 0.3
hr1239, 0.8
hr2959, 0.9
hr1234, 0.0
hr1235, 1.0
hr1236, 1.0
hr1237, 0.5
hr1230, 0.0
hr1231, 1.0
hr1232, 0.5
hr2554, 0.5
hr2555, 0.0
hr2556, 0.0
hr2557, 1.0
hr2550, 0.0
hr2551, 0.0
hr2552, 0.0
hr2221, 0.8
hr4377, 0.4
hr1490, 1.0
hr1491, 0.1
hr1492, 0.2
hr1493, 1.0
hr1494, 0.3
hr1495, 1.0
hr1496, 0.9
hr1497, 0.9
hr1498, 0.0
hr1499, 0.5
hr1944, 1.0
hr1945, 0.0
hr1942, 0.0
hr1943, 0.0
hr1940, 0.0
hr1941, 0.0
hr4048, 0.5
hr4049, 0.6
hr4044, 0.0
hr4045, 0.1
hr4046, 0.0
hr4047, 1.0
hr4040, 0.1
hr4041, 0.1
hr4042, 0.9
hr4043, 1.0
hr438, 0.0
hr164, 0.5
hr165, 0.8
hr166, 0.9
hr167, 0.8
hr160, 0.0
hr161, 0.0
hr162, 1.0
hr163, 0.7
hr168, 1.0
hr169, 0.0
hr3898, 0.0
hr3899, 0.1
hr3892, 0.0
hr3893, 1.0
hr3890, 0.5
hr3891, 0.5
hr3896, 0.4
hr3897, 0.0
hr3894, 1.0
hr3895, 1.0
hr292, 0.0
hr293, 1.0
hr290, 0.0
hr291, 1.0
hr296, 1.0
hr297, 0.5
hr294, 1.0
hr295, 1.0
hr298, 0.8
hr299, 1.0
hr800, 0.5
hr3092, 0.6
hr3093, 1.0
hr3090, 0.0
hr3091, 0.7
hr3096, 0.5
hr3097, 0.0
hr3094, 0.0
hr3095, 0.8
hr3098, 0.0
hr3099, 0.7
hr2147, 0.0
hr2146, 0.0
hr2145, 0.3
hr2144, 0.2
hr2143, 0.8
hr2142, 0.6
hr2141, 0.0
hr2140, 0.5
hr2149, 0.1
hr2148, 0.0
hr5494, 0.0
hr5495, 0.0
hr5496, 0.3
hr5497, 0.0
hr5490, 0.0
hr5491, 0.0
hr5492, 0.7
hr5493, 1.0
hr5498, 0.0
hr5499, 0.0
hr3636, 0.0
hr3637, 1.0
hr3634, 0.1
hr3635, 1.0
hr3632, 1.0
hr3633, 0.8
hr3630, 0.0
hr3631, 1.0
hr3638, 0.0
hr3639, 1.0
hr2832, 0.5
hr2855, 1.0
hr2854, 0.6
hr2857, 0.5
hr2856, 0.1
hr2851, 0.0
hr2850, 1.0
hr2853, 0.2
hr2852, 0.0
hr2329, 1.0
hr2328, 0.8
hr2859, 0.0
hr2858, 0.0
hr5670, 0.6
hr5671, 1.0
hr5672, 0.5
hr5673, 1.0
hr5674, 0.0
hr5675, 0.5
hr5676, 0.0
hr5677, 1.0
hr5678, 0.0
hr5679, 0.9
hr937, 0.3
hr936, 0.5
hr935, 0.9
hr934, 0.9
hr933, 1.0
hr932, 0.2
hr931, 0.3
hr930, 0.4
hr939, 1.0
hr938, 0.6
hr4189, 1.0
hr4188, 0.5
hr4181, 0.0
hr4180, 1.0
hr4183, 0.0
hr4182, 1.0
hr4185, 0.0
hr4184, 0.3
hr4187, 0.6
hr4186, 1.0
hr1003, 0.7
hr1002, 0.0
hr1001, 0.4
hr1000, 0.0
hr1007, 0.3
hr1006, 0.7
hr1005, 1.0
hr1004, 0.0
hr1559, 0.0
hr1558, 1.0
hr1009, 0.3
hr1008, 0.1
hr3959, 0.0
hr3958, 0.5
hr3953, 0.0
hr3952, 0.0
hr3951, 0.0
hr3950, 0.0
hr3957, 0.2
hr3956, 0.0
hr3955, 0.0
hr3954, 0.1
hr4457, 0.7
hr4456, 0.0
hr4455, 0.0
hr4454, 0.7
hr4453, 0.7
hr4452, 0.0
hr4451, 0.0
hr4450, 0.5
hr4459, 0.0
hr4458, 1.0
hr4981, 0.3
hr4980, 0.9
hr4983, 0.9
hr4982, 0.8
hr4985, 0.0
hr4984, 0.8
hr4987, 0.5
hr4986, 0.8
hr4989, 0.9
hr4988, 1.0
hr4239, 0.0
hr4238, 1.0
hr3409, 1.0
hr3408, 0.8
hr3405, 0.5
hr3404, 0.1
hr3407, 0.0
hr3406, 1.0
hr3401, 0.0
hr3400, 0.4
hr3403, 1.0
hr3402, 0.0
hr339, 1.0
hr338, 0.0
hr331, 0.5
hr330, 0.8
hr333, 0.3
hr332, 0.0
hr335, 0.5
hr334, 0.9
hr337, 0.0
hr336, 0.0
hr2464, 0.0
hr2465, 0.0
hr2466, 0.0
hr2467, 0.0
hr2460, 0.0
hr2461, 0.0
hr2462, 0.0
hr2463, 0.7
hr2468, 0.3
hr2469, 0.0
hr748, 0.0
hr749, 0.5
hr740, 0.2
hr741, 0.6
hr742, 0.3
hr743, 0.0
hr744, 0.2
hr745, 0.0
hr746, 0.9
hr747, 0.0
hr5115, 1.0
hr5114, 0.5
hr5117, 0.5
hr5116, 0.6
hr5111, 0.6
hr5110, 1.0
hr5113, 0.9
hr5112, 0.0
hr5119, 0.9
hr5118, 1.0
hr1968, 0.5
hr1969, 0.6
hr1960, 0.5
hr1961, 0.7
hr1962, 0.3
hr1963, 1.0
hr1964, 1.0
hr1965, 1.0
hr1966, 0.0
hr1967, 0.0
hr2693, 0.7
hr2692, 0.0
hr2691, 0.2
hr2690, 0.0
hr2697, 0.1
hr2696, 0.5
hr2695, 0.0
hr2694, 0.4
hr102, 0.0
hr103, 0.0
hr100, 0.0
hr101, 0.0
hr106, 0.9
hr107, 1.0
hr104, 0.9
hr105, 1.0
hr108, 1.0
hr109, 1.0
hr1616, 0.2
hr1617, 0.0
hr1614, 1.0
hr1615, 0.5
hr1612, 0.7
hr1613, 0.9
hr1610, 0.8
hr1611, 1.0
hr1456, 1.0
hr1618, 1.0
hr1619, 0.6
hr1457, 1.0
hr1450, 0.0
hr1451, 0.2
hr1320, 0.0
hr1453, 0.3
hr4441, 0.0
hr2121, 0.0
hr2120, 0.0
hr2123, 0.4
hr2122, 0.9
hr2125, 0.9
hr2124, 0.0
hr2127, 0.8
hr2126, 0.5
hr2129, 0.0
hr2128, 0.3
hr5478, 0.1
hr5479, 1.0
hr5476, 1.0
hr5477, 1.0
hr5474, 0.3
hr5475, 1.0
hr5472, 1.0
hr5473, 1.0
hr5470, 0.6
hr5471, 0.5
hr3610, 0.5
hr3611, 1.0
hr3612, 0.0
hr3613, 0.0
hr3614, 1.0
hr3615, 1.0
hr3616, 0.2
hr3617, 0.5
hr3618, 0.0
hr3619, 0.0
hr2699, 0.0
hr2698, 0.0
hr2879, 1.0
hr2878, 0.0
hr2877, 0.4
hr2876, 1.0
hr2875, 0.0
hr2874, 0.0
hr2873, 0.0
hr2872, 0.0
hr2871, 0.7
hr2870, 0.5
hr5618, 0.0
hr5619, 0.5
hr5612, 0.0
hr5613, 0.0
hr5610, 0.5
hr5611, 0.5
hr5616, 0.1
hr5617, 0.1
hr5614, 0.5
hr5615, 1.0
